date,school,district,school_type,campaign,campaign_phase,platform,content_type,boosted,target_grade,target_gender,on_ground_support,spend_zar,budget_allocated_zar,impressions,engagements,clicks,link_clicks,page_views,form_starts,registrations,confirmed_enrollments,counsellor_referrals,ctr,engagement_rate,link_click_rate,page_view_rate,form_start_rate,completion_rate,conversion_rate,enrollment_rate,cost_per_registration,cost_per_enrollment,budget_utilisation
2026-05-24,Rosebank Academy,Rosebank,Public,Career Day,Close,Instagram,Video,True,Grade 11,All,False,402.27,346.4,7631,608.0,388.0,236.0,169.0,78.0,8.0,4.0,22.0,0.050845236535185426,0.07967500982833181,0.6082474226804123,0.7161016949152542,0.46153846153846156,0.10256410256410256,0.00104835539247805,0.5,50.28375,100.5675,1.1612875288683604
2026-07-06,Midrand High,Midrand,Public,Career Day,Close,Facebook,Static,True,Grade 12,All,True,122.89,146.83,2550,162.0,183.0,97.0,66.0,33.0,4.0,0.0,11.0,0.07176470588235294,0.06352941176470588,0.5300546448087432,0.6804123711340206,0.5,0.12121212121212122,0.001568627450980392,0.0,30.7225,,0.8369543008921881
2026-04-19,Randburg High,Randburg,Public,Literacy Week,Mid,WhatsApp,Carousel,True,Both,All,False,54.29,54.87,1919,497.0,310.0,184.0,115.0,48.0,9.0,4.0,0.0,0.16154247003647734,0.2589890568004169,0.5935483870967742,0.625,0.41739130434782606,0.1875,0.004689942678478374,0.4444444444444444,6.032222222222222,13.5725,0.9894295607800255
2026-05-21,Rosebank Academy,Rosebank,Public,Career Day,Close,Facebook,Carousel,True,Grade 12,Female,True,462.97,551.01,9937,874.0,501.0,0.0,161.0,80.0,15.0,6.0,19.0,0.050417631075777396,0.08795411089866156,0.0,0.0,0.4968944099378882,0.1875,0.001509509912448425,0.4,30.86466666666667,77.16166666666668,0.8402206856499883
2026-04-17,Randburg High,Randburg,Public,Stem Drive,Mid,TikTok,Story,True,Grade 11,Female,False,299.27,333.49,6924,1509.0,819.0,441.0,331.0,119.0,19.0,10.0,32.0,0.1182842287694974,0.2179376083188908,0.5384615384615384,0.7505668934240363,0.3595166163141994,0.15966386554621848,0.0027440785673021376,0.5263157894736842,15.751052631578947,29.927,0.8973882275330594
2026-05-30,Sandton College,Sandton,Public,Digital Skills Push,Close,TikTok,Static,True,Grade 11,Male,False,166.3,183.79,5250,901.0,778.0,337.0,226.0,79.0,0.0,4.0,23.0,0.14819047619047618,0.17161904761904762,0.43316195372750643,0.6706231454005934,0.3495575221238938,0.0,0.0,0.0,,41.575,0.9048370422765113
2026-04-16,Sandton College,Sandton,Public,Stem Drive,Mid,WhatsApp,Carousel,True,Grade 12,Male,True,104.85,117.93,3675,975.0,0.0,660.0,518.0,232.0,60.0,27.0,47.0,0.0,0.2653061224489796,0.0,0.7848484848484848,0.44787644787644787,0.25862068965517243,0.0163265306122449,0.45,1.7474999999999998,3.8833333333333333,0.8890867463749681
2026-04-18,Alexandra School,Alexandra,No-Fee Public,Stem Drive,Mid,Instagram,Carousel,True,Both,All,False,446.8,417.11,7910,905.0,715.0,361.0,232.0,110.0,5.0,2.0,54.0,0.09039190897597978,0.11441213653603034,0.5048951048951049,0.6426592797783933,0.47413793103448276,0.045454545454545456,0.0006321112515802782,0.4,89.36,223.4,1.0711802641988923
2026-04-01,Alexandra School,Alexandra,No-Fee Public,Stem Drive,Launch,WhatsApp,Static,True,Grade 11,Female,True,37.64,43.64,1470,295.0,375.0,170.0,140.0,71.0,5.0,3.0,23.0,0.25510204081632654,0.20068027210884354,0.4533333333333333,0.8235294117647058,0.5071428571428571,0.07042253521126761,0.003401360544217687,0.6,7.5280000000000005,12.546666666666667,0.8625114573785518
2026-05-04,Soweto Academy,Soweto,No-Fee Public,Stem Drive,Launch,TikTok,Video,False,Grade 12,Female,False,0.0,0.0,2186,524.0,323.0,189.0,157.0,0.0,4.0,1.0,27.0,0.14775846294602013,0.23970722781335774,0.5851393188854489,0.8306878306878307,0.0,0.0,0.0018298261665141812,0.25,0.0,0.0,
2026-04-05,Rosebank Academy,Rosebank,Public,Stem Drive,Mid,Facebook,Story,True,Grade 12,All,False,68.7,65.83,2020,98.0,89.0,44.0,25.0,9.0,2.0,1.0,6.0,0.04405940594059406,0.048514851485148516,0.4943820224719101,0.5681818181818182,0.36,0.2222222222222222,0.0009900990099009901,0.5,34.35,68.7,1.043597144159198
2026-04-21,Sandton College,Sandton,Public,Career Day,Mid,Facebook,Static,False,Grade 12,Male,False,0.0,0.0,1625,44.0,34.0,16.0,11.0,5.0,0.0,0.0,1.0,0.020923076923076923,0.02707692307692308,0.47058823529411764,0.6875,0.45454545454545453,0.0,0.0,0.0,,,
2026-04-04,Randburg High,Randburg,Public,Career Day,Launch,WhatsApp,Static,False,Both,All,False,0.0,0.0,200,52.0,45.0,31.0,22.0,11.0,1.0,0.0,2.0,0.225,0.26,0.6888888888888889,0.7096774193548387,0.5,0.09090909090909091,0.005,0.0,0.0,,
2026-05-08,Midrand High,Midrand,Public,Digital Skills Push,Mid,Facebook,Carousel,True,Grade 11,Female,False,0.0,24.3,820,59.0,39.0,28.0,17.0,6.0,0.0,0.0,2.0,0.0475609756097561,0.07195121951219512,0.717948717948718,0.6071428571428571,0.35294117647058826,0.0,0.0,0.0,,,0.0
2026-04-26,Alexandra School,Alexandra,No-Fee Public,Career Day,Mid,Instagram,Video,True,Grade 12,Male,True,107.58,120.11,2401,335.0,0.0,161.0,100.0,27.0,2.0,1.0,24.0,0.0,0.13952519783423573,0.0,0.6211180124223602,0.27,0.07407407407407407,0.0008329862557267805,0.5,53.79,107.58,0.8956789609524602
2026-04-22,Randburg High,Randburg,Public,Literacy Week,Mid,TikTok,Story,False,Both,Male,True,0.0,0.0,1194,317.0,0.0,88.0,58.0,30.0,4.0,0.0,11.0,0.0,0.26549413735343386,0.0,0.6590909090909091,0.5172413793103449,0.13333333333333333,0.0033500837520938024,0.0,0.0,,
2026-05-24,Midrand High,Midrand,Public,Career Day,Close,WhatsApp,Static,True,Grade 12,All,True,37.6,40.07,1634,496.0,479.0,269.0,214.0,91.0,14.0,6.0,38.0,0.29314565483476135,0.30354957160342716,0.5615866388308977,0.7955390334572491,0.4252336448598131,0.15384615384615385,0.008567931456548347,0.42857142857142855,2.685714285714286,6.266666666666667,0.9383578737209883
2026-07-04,Alexandra School,Alexandra,No-Fee Public,Career Day,Launch,TikTok,Carousel,False,Grade 12,All,False,0.0,0.0,1341,383.0,67.0,31.0,23.0,7.0,0.0,0.0,3.0,0.049962714392244596,0.28560775540641314,0.4626865671641791,0.7419354838709677,0.30434782608695654,0.0,0.0,0.0,,,
2026-05-26,Randburg High,Randburg,Public,Literacy Week,Close,Instagram,Video,True,Grade 12,Male,False,38.26,33.25,1052,127.0,120.0,0.0,57.0,16.0,1.0,0.0,7.0,0.11406844106463879,0.12072243346007605,0.0,0.0,0.2807017543859649,0.0625,0.0009505703422053232,0.0,38.26,,1.1506766917293232
2026-05-18,Randburg High,Randburg,Public,Digital Skills Push,Close,TikTok,Video,False,Grade 12,Female,False,0.0,0.0,18255,5529.0,2216.0,1621.0,992.0,310.0,52.0,23.0,109.0,0.12139139961654341,0.3028759244042728,0.7314981949458483,0.6119679210363973,0.3125,0.16774193548387098,0.0028485346480416323,0.4423076923076923,0.0,0.0,
2026-04-08,Randburg High,Randburg,Public,Stem Drive,Launch,WhatsApp,Carousel,False,Grade 11,Female,True,0.0,0.0,567,229.0,137.0,68.0,39.0,17.0,1.0,0.0,6.0,0.24162257495590828,0.4038800705467372,0.49635036496350365,0.5735294117647058,0.4358974358974359,0.058823529411764705,0.001763668430335097,0.0,0.0,,
2026-04-27,Brixton High,Johannesburg South,Public,Stem Drive,Mid,WhatsApp,Static,False,Grade 12,Male,False,0.0,0.0,697,149.0,140.0,0.0,41.0,12.0,0.0,1.0,8.0,0.20086083213773315,0.21377331420373027,0.0,0.0,0.2926829268292683,0.0,0.0,0.0,,0.0,
2026-04-02,Midrand High,Midrand,Public,Digital Skills Push,Launch,Instagram,Carousel,False,Grade 12,Female,False,0.0,0.0,677,123.0,63.0,32.0,17.0,6.0,0.0,0.0,1.0,0.0930576070901034,0.18168389955686853,0.5079365079365079,0.53125,0.35294117647058826,0.0,0.0,0.0,,,
2026-06-07,Randburg High,Randburg,Public,Digital Skills Push,Close,Facebook,Static,False,Grade 11,Female,False,0.0,0.0,866,55.0,40.0,22.0,14.0,6.0,0.0,0.0,3.0,0.046189376443418015,0.06351039260969978,0.55,0.6363636363636364,0.42857142857142855,0.0,0.0,0.0,,,
2026-05-24,Brixton High,Johannesburg South,Public,Career Day,Close,Facebook,Carousel,True,Grade 12,Female,False,52.58,47.82,1078,33.0,77.0,47.0,29.0,15.0,1.0,0.0,3.0,0.07142857142857142,0.030612244897959183,0.6103896103896104,0.6170212765957447,0.5172413793103449,0.06666666666666667,0.0009276437847866419,0.0,52.58,,1.0995399414470932
2026-04-05,Midrand High,Midrand,Public,Career Day,Mid,TikTok,Video,True,Grade 12,All,False,314.02,329.12,11690,3807.0,1425.0,594.0,434.0,173.0,46.0,22.0,77.0,0.12189905902480752,0.32566295979469634,0.4168421052631579,0.7306397306397306,0.3986175115207373,0.2658959537572254,0.003934987168520102,0.4782608695652174,6.826521739130435,14.273636363636363,0.9541200777831793
2026-05-30,Rosebank Academy,Rosebank,Public,Stem Drive,Close,Instagram,Carousel,True,Grade 12,Male,False,154.43,158.39,3359,315.0,150.0,0.0,89.0,48.0,5.0,3.0,13.0,0.04465614766299494,0.09377791009228938,0.0,0.0,0.5393258426966292,0.10416666666666667,0.0014885382554331646,0.6,30.886000000000003,51.47666666666667,0.9749984216175265
2026-05-02,Randburg High,Randburg,Public,Literacy Week,Mid,Instagram,Carousel,True,Both,All,False,214.36,217.04,3965,657.0,350.0,154.0,86.0,22.0,4.0,1.0,11.0,0.08827238335435057,0.1656998738965952,0.44,0.5584415584415584,0.2558139534883721,0.18181818181818182,0.001008827238335435,0.25,53.59,214.36,0.9876520457058607
2026-04-10,Midrand High,Midrand,Public,Stem Drive,Launch,Facebook,Static,True,Both,All,False,38.12,43.72,1330,55.0,79.0,49.0,35.0,8.0,0.0,0.0,3.0,0.059398496240601506,0.041353383458646614,0.620253164556962,0.7142857142857143,0.22857142857142856,0.0,0.0,0.0,,,0.8719121683440073
2026-04-07,Alexandra School,Alexandra,No-Fee Public,Stem Drive,Launch,Instagram,Static,False,Both,All,True,0.0,0.0,2411,213.0,165.0,111.0,64.0,28.0,2.0,1.0,15.0,0.06843633347158855,0.08834508502695977,0.6727272727272727,0.5765765765765766,0.4375,0.07142857142857142,0.0008295313148071339,0.5,0.0,0.0,
2026-04-22,Brixton High,Johannesburg South,Public,Literacy Week,Mid,TikTok,Video,True,Both,All,True,74.51,82.9,2034,773.0,242.0,178.0,129.0,45.0,9.0,0.0,20.0,0.11897738446411013,0.380039331366765,0.7355371900826446,0.7247191011235955,0.3488372093023256,0.2,0.004424778761061947,0.0,8.27888888888889,,0.8987937273823884
2026-06-04,Randburg High,Randburg,Public,Literacy Week,Launch,Instagram,Static,True,Grade 12,Female,True,436.01,381.23,7968,916.0,935.0,404.0,286.0,103.0,15.0,6.0,32.0,0.11734437751004016,0.11495983935742972,0.4320855614973262,0.7079207920792079,0.36013986013986016,0.14563106796116504,0.0018825301204819277,0.4,29.067333333333334,72.66833333333334,1.1436927838837447
2026-04-13,Rosebank Academy,Rosebank,Public,Digital Skills Push,Launch,Facebook,Carousel,True,Both,Male,False,23.93,22.48,822,42.0,16.0,10.0,6.0,2.0,0.0,0.0,1.0,0.019464720194647202,0.051094890510948905,0.625,0.6,0.3333333333333333,0.0,0.0,0.0,,,1.0645017793594305
2026-04-12,Sandton College,Sandton,Public,Digital Skills Push,Launch,Facebook,Static,False,Grade 11,Female,False,0.0,0.0,1583,55.0,63.0,28.0,19.0,5.0,0.0,0.0,2.0,0.03979785217940619,0.03474415666456096,0.4444444444444444,0.6785714285714286,0.2631578947368421,0.0,0.0,0.0,,,
2026-08-04,Alexandra School,Alexandra,No-Fee Public,Literacy Week,Launch,Facebook,Video,True,Grade 12,All,True,16.37,15.69,407,31.0,9.0,6.0,3.0,1.0,0.0,0.0,0.0,0.022113022113022112,0.07616707616707617,0.6666666666666666,0.5,0.3333333333333333,0.0,0.0,0.0,,,1.0433397068196304
2026-06-04,Brixton High,Johannesburg South,Public,Stem Drive,Close,WhatsApp,Static,True,Both,Male,False,12.18,13.25,478,62.0,123.0,63.0,40.0,16.0,1.0,0.0,8.0,0.25732217573221755,0.1297071129707113,0.5121951219512195,0.6349206349206349,0.4,0.0625,0.0020920502092050207,0.0,12.18,,0.9192452830188679
2026-06-05,Sandton College,Sandton,Public,Career Day,Mid,WhatsApp,Video,False,Grade 12,Male,False,0.0,0.0,763,457.0,105.0,52.0,40.0,16.0,3.0,1.0,5.0,0.13761467889908258,0.598951507208388,0.49523809523809526,0.7692307692307693,0.4,0.1875,0.003931847968545216,0.3333333333333333,0.0,0.0,
2026-12-05,Soweto Academy,Soweto,No-Fee Public,Digital Skills Push,Mid,TikTok,Video,True,Grade 12,Male,False,642.42,609.41,20367,4777.0,1996.0,1473.0,1171.0,574.0,44.0,20.0,168.0,0.09800166936711346,0.234546079442235,0.7379759519038076,0.7949762389680923,0.4901793339026473,0.07665505226480836,0.002160357440958413,0.45454545454545453,14.600454545454545,32.120999999999995,1.0541671452716561
2026-04-12,Soweto Academy,Soweto,No-Fee Public,Career Day,Launch,WhatsApp,Static,False,Grade 11,Female,True,0.0,0.0,749,215.0,196.0,132.0,78.0,26.0,1.0,0.0,8.0,0.2616822429906542,0.2870493991989319,0.673469387755102,0.5909090909090909,0.3333333333333333,0.038461538461538464,0.0013351134846461949,0.0,0.0,,
2026-09-04,Randburg High,Randburg,Public,Digital Skills Push,Launch,Instagram,Story,True,Both,All,False,143.98,144.01,3663,0.0,189.0,103.0,77.0,21.0,2.0,0.0,10.0,0.051597051597051594,0.0,0.544973544973545,0.7475728155339806,0.2727272727272727,0.09523809523809523,0.000546000546000546,0.0,71.99,,0.9997916811332547
2026-05-07,Soweto Academy,Soweto,No-Fee Public,Stem Drive,Mid,WhatsApp,Static,False,Both,Female,False,0.0,0.0,236,67.0,55.0,0.0,16.0,7.0,0.0,0.0,2.0,0.2330508474576271,0.2838983050847458,0.0,0.0,0.4375,0.0,0.0,0.0,,,
2026-04-01,Brixton High,Johannesburg South,Public,Stem Drive,Launch,WhatsApp,Video,True,Both,Female,False,7.51,7.57,575,209.0,121.0,51.0,30.0,10.0,0.0,0.0,7.0,0.21043478260869566,0.3634782608695652,0.4214876033057851,0.5882352941176471,0.3333333333333333,0.0,0.0,0.0,,,0.9920739762219286
2026-06-10,Rosebank Academy,Rosebank,Public,Digital Skills Push,Close,Instagram,Story,True,Grade 12,All,True,198.68,228.08,3218,449.0,365.0,227.0,178.0,71.0,9.0,4.0,14.0,0.11342448725916718,0.13952765692977004,0.6219178082191781,0.7841409691629956,0.398876404494382,0.1267605633802817,0.0027967681789931634,0.4444444444444444,22.075555555555557,49.67,0.8710978603998597
2026-05-21,Alexandra School,Alexandra,No-Fee Public,Career Day,Close,TikTok,Video,False,Grade 12,Female,True,0.0,0.0,11647,3633.0,699.0,515.0,350.0,183.0,12.0,5.0,33.0,0.0600154546235082,0.31192581780716067,0.7367668097281831,0.6796116504854369,0.5228571428571429,0.06557377049180328,0.0010303082338799692,0.4166666666666667,0.0,0.0,
2026-11-04,Rosebank Academy,Rosebank,Public,Stem Drive,Launch,TikTok,Video,False,Both,Female,False,0.0,0.0,5313,710.0,587.0,0.0,263.0,126.0,10.0,5.0,35.0,0.11048371917937136,0.13363448146056842,0.0,0.0,0.4790874524714829,0.07936507936507936,0.0018821757952192735,0.5,0.0,0.0,
2026-05-26,Rosebank Academy,Rosebank,Public,Literacy Week,Close,Facebook,Video,False,Grade 12,All,False,0.0,0.0,326,18.0,8.0,4.0,2.0,0.0,0.0,0.0,0.0,0.024539877300613498,0.05521472392638037,0.5,0.5,0.0,0.0,0.0,0.0,,,
2026-04-05,Alexandra School,Alexandra,No-Fee Public,Digital Skills Push,Mid,Facebook,Static,False,Grade 12,Male,False,0.0,0.0,1735,66.0,94.0,44.0,31.0,8.0,0.0,0.0,3.0,0.054178674351585014,0.03804034582132565,0.46808510638297873,0.7045454545454546,0.25806451612903225,0.0,0.0,0.0,,,
2026-04-28,Midrand High,Midrand,Public,Digital Skills Push,Mid,TikTok,Video,True,Grade 12,All,False,203.35,215.1,4952,1347.0,475.0,271.0,194.0,0.0,8.0,3.0,16.0,0.09592084006462036,0.2720113085621971,0.5705263157894737,0.7158671586715867,0.0,0.0,0.0016155088852988692,0.375,25.41875,67.78333333333333,0.9453742445374245
2026-05-26,Randburg High,Randburg,Public,Digital Skills Push,Close,TikTok,Video,True,Both,All,True,71.76,78.34,3017,733.0,377.0,272.0,220.0,103.0,9.0,3.0,19.0,0.12495856811402055,0.24295657938349355,0.7214854111405835,0.8088235294117647,0.4681818181818182,0.08737864077669903,0.0029830957905203847,0.3333333333333333,7.973333333333334,23.92,0.916007148327802
2026-04-13,Alexandra School,Alexandra,No-Fee Public,Stem Drive,Launch,TikTok,Story,True,Grade 11,All,True,634.77,690.89,19955,2145.0,2915.0,0.0,1292.0,576.0,45.0,24.0,0.0,0.14607867702330243,0.10749185667752444,0.0,0.0,0.4458204334365325,0.078125,0.0022550739163117012,0.5333333333333333,14.106,26.44875,0.9187714397371506
2026-04-03,Randburg High,Randburg,Public,Digital Skills Push,Launch,WhatsApp,Static,True,Grade 12,Male,False,57.45,54.55,1937,615.0,456.0,261.0,217.0,109.0,12.0,5.0,15.0,0.23541559112028912,0.3175012906556531,0.5723684210526315,0.8314176245210728,0.5023041474654378,0.11009174311926606,0.00619514713474445,0.4166666666666667,4.7875000000000005,11.49,1.0531622364802935
2026-01-06,Rosebank Academy,Rosebank,Public,Career Day,Close,TikTok,Video,True,Grade 11,Male,True,141.33,135.07,3223,1085.0,132.0,83.0,62.0,16.0,1.0,0.0,7.0,0.040955631399317405,0.33664287930499537,0.6287878787878788,0.7469879518072289,0.25806451612903225,0.0625,0.00031026993484331366,0.0,141.33,,1.0463463389353669
2026-05-03,Rosebank Academy,Rosebank,Public,Stem Drive,Mid,TikTok,Video,True,Grade 11,All,False,131.3,114.44,3850,1094.0,0.0,220.0,130.0,45.0,5.0,2.0,15.0,0.0,0.28415584415584416,0.0,0.5909090909090909,0.34615384615384615,0.1111111111111111,0.0012987012987012987,0.4,26.26,65.65,1.1473261097518352
2026-05-12,Alexandra School,Alexandra,No-Fee Public,Career Day,Mid,Instagram,Static,False,Both,Male,True,0.0,0.0,3288,255.0,326.0,217.0,183.0,81.0,0.0,0.0,19.0,0.09914841849148419,0.07755474452554745,0.6656441717791411,0.8433179723502304,0.4426229508196721,0.0,0.0,0.0,,,
2026-07-06,Rosebank Academy,Rosebank,Public,Digital Skills Push,Close,WhatsApp,Carousel,True,Grade 12,Male,False,35.43,40.15,2891,883.0,0.0,597.0,331.0,103.0,9.0,3.0,65.0,0.0,0.3054306468350052,0.0,0.5544388609715243,0.311178247734139,0.08737864077669903,0.003113109650639917,0.3333333333333333,3.9366666666666665,11.81,0.8824408468244085
2026-04-25,Rosebank Academy,Rosebank,Public,Literacy Week,Mid,TikTok,Video,True,Both,All,False,137.78,159.54,3152,1240.0,343.0,188.0,131.0,70.0,14.0,8.0,24.0,0.10881979695431472,0.3934010152284264,0.5481049562682215,0.6968085106382979,0.5343511450381679,0.2,0.004441624365482234,0.5714285714285714,9.84142857142857,17.2225,0.8636078726338223
2026-04-30,Sandton College,Sandton,Public,Digital Skills Push,Mid,TikTok,Video,False,Grade 11,Female,True,0.0,0.0,2968,595.0,338.0,206.0,167.0,51.0,10.0,6.0,21.0,0.11388140161725067,0.20047169811320756,0.6094674556213018,0.8106796116504854,0.30538922155688625,0.19607843137254902,0.0033692722371967657,0.6,0.0,0.0,
2026-05-02,Randburg High,Randburg,Public,Literacy Week,Mid,WhatsApp,Static,True,Grade 12,Female,False,15.24,16.81,585,159.0,105.0,49.0,31.0,8.0,2.0,1.0,2.0,0.1794871794871795,0.2717948717948718,0.4666666666666667,0.6326530612244898,0.25806451612903225,0.25,0.003418803418803419,0.5,7.62,15.24,0.9066032123735872
2026-04-04,Sandton College,Sandton,Public,Literacy Week,Launch,TikTok,Video,False,Grade 11,All,False,0.0,0.0,976,138.0,0.0,52.0,28.0,0.0,0.0,0.0,3.0,0.0,0.1413934426229508,0.0,0.5384615384615384,0.0,0.0,0.0,0.0,,,
2026-04-14,Alexandra School,Alexandra,No-Fee Public,Digital Skills Push,Launch,TikTok,Video,True,Grade 11,Male,False,545.35,539.3,20438,4739.0,1730.0,1034.0,875.0,278.0,14.0,9.0,119.0,0.08464624718661318,0.23187200313142187,0.5976878612716763,0.8462282398452611,0.3177142857142857,0.050359712230215826,0.0006849985321460025,0.6428571428571429,38.95357142857143,60.59444444444445,1.0112182458742816
2026-05-18,Brixton High,Johannesburg South,Public,Stem Drive,Close,TikTok,Video,True,Both,Female,False,941.11,978.81,34844,11060.0,2081.0,1451.0,804.0,250.0,18.0,11.0,191.0,0.05972333830788658,0.31741476294340487,0.6972609322441135,0.5541006202618883,0.31094527363184077,0.072,0.0005165882217885433,0.6111111111111112,52.28388888888889,85.55545454545455,0.9614838426252287
2026-04-24,Sandton College,Sandton,Public,Career Day,Mid,Facebook,Static,False,Both,Female,False,0.0,0.0,1264,52.0,42.0,24.0,15.0,4.0,0.0,0.0,3.0,0.03322784810126582,0.04113924050632911,0.5714285714285714,0.625,0.26666666666666666,0.0,0.0,0.0,,,
2026-04-20,Brixton High,Johannesburg South,Public,Stem Drive,Mid,WhatsApp,Static,True,Grade 12,Male,False,44.27,42.66,2016,397.0,348.0,186.0,107.0,55.0,14.0,9.0,19.0,0.17261904761904762,0.19692460317460317,0.5344827586206896,0.5752688172043011,0.514018691588785,0.2545454545454545,0.006944444444444444,0.6428571428571429,3.1621428571428574,4.9188888888888895,1.0377402719174873
2026-04-03,Sandton College,Sandton,Public,Digital Skills Push,Launch,Instagram,Video,False,Grade 12,Female,False,0.0,0.0,3379,508.0,351.0,220.0,160.0,54.0,6.0,3.0,21.0,0.10387688665285587,0.15034033737792246,0.6267806267806267,0.7272727272727273,0.3375,0.1111111111111111,0.0017756732761171944,0.5,0.0,0.0,
2026-05-29,Rosebank Academy,Rosebank,Public,Digital Skills Push,Close,Facebook,Carousel,True,Grade 11,Male,False,149.43,157.1,3523,216.0,153.0,102.0,74.0,29.0,2.0,0.0,0.0,0.043428895827419815,0.06131138234459268,0.6666666666666666,0.7254901960784313,0.3918918918918919,0.06896551724137931,0.0005676979846721544,0.0,74.715,,0.9511775938892426
2026-06-08,Rosebank Academy,Rosebank,Public,Career Day,Close,Instagram,Static,False,Both,Male,False,0.0,0.0,9742,672.0,666.0,374.0,295.0,129.0,10.0,5.0,33.0,0.06836378567029358,0.06897967563128721,0.5615615615615616,0.7887700534759359,0.43728813559322033,0.07751937984496124,0.0010264832683227264,0.5,0.0,0.0,
2026-05-01,Soweto Academy,Soweto,No-Fee Public,Digital Skills Push,Mid,Facebook,Static,True,Both,Male,False,133.61,146.58,2704,88.0,153.0,65.0,38.0,10.0,0.0,0.0,7.0,0.05658284023668639,0.03254437869822485,0.42483660130718953,0.5846153846153846,0.2631578947368421,0.0,0.0,0.0,,,0.9115158957565834
2026-02-06,Alexandra School,Alexandra,No-Fee Public,Career Day,Close,Facebook,Static,False,Grade 11,Female,False,0.0,0.0,4683,183.0,329.0,187.0,107.0,27.0,1.0,0.0,14.0,0.07025411061285501,0.039077514413837285,0.5683890577507599,0.5721925133689839,0.2523364485981308,0.037037037037037035,0.00021353833013025838,0.0,0.0,,
2026-04-10,Midrand High,Midrand,Public,Stem Drive,Launch,WhatsApp,Static,False,Grade 11,Female,True,0.0,0.0,200,27.0,63.0,27.0,21.0,6.0,0.0,0.0,3.0,0.315,0.135,0.42857142857142855,0.7777777777777778,0.2857142857142857,0.0,0.0,0.0,,,
2026-05-30,Rosebank Academy,Rosebank,Public,Career Day,Close,TikTok,Carousel,False,Grade 11,Female,True,0.0,0.0,8992,2398.0,1179.0,785.0,591.0,0.0,30.0,14.0,71.0,0.13111654804270462,0.2666814946619217,0.6658184902459712,0.7528662420382166,0.0,0.0,0.0033362989323843417,0.4666666666666667,0.0,0.0,
2026-06-12,Midrand High,Midrand,Public,Literacy Week,Close,Instagram,Carousel,True,Grade 12,Male,False,232.26,208.04,4517,863.0,455.0,324.0,252.0,66.0,10.0,6.0,16.0,0.10073057338941775,0.19105601062652203,0.7120879120879121,0.7777777777777778,0.2619047619047619,0.15151515151515152,0.002213858755811379,0.6,23.226,38.71,1.1164199192462987
2026-04-30,Rosebank Academy,Rosebank,Public,Stem Drive,Mid,Instagram,Carousel,True,Both,Male,True,116.09,101.84,2804,414.0,215.0,119.0,65.0,22.0,2.0,1.0,14.0,0.07667617689015692,0.14764621968616262,0.5534883720930233,0.5462184873949579,0.3384615384615385,0.09090909090909091,0.0007132667617689016,0.5,58.045,116.09,1.1399253731343284
2026-05-05,Alexandra School,Alexandra,No-Fee Public,Stem Drive,Mid,WhatsApp,Carousel,False,Both,Male,False,0.0,0.0,709,318.0,95.0,42.0,32.0,11.0,0.0,0.0,3.0,0.13399153737658676,0.44851904090267986,0.4421052631578947,0.7619047619047619,0.34375,0.0,0.0,0.0,,,
2026-03-05,Brixton High,Johannesburg South,Public,Stem Drive,Mid,WhatsApp,Carousel,True,Both,All,False,4.86,4.67,282,83.0,87.0,47.0,33.0,9.0,1.0,0.0,2.0,0.30851063829787234,0.29432624113475175,0.5402298850574713,0.7021276595744681,0.2727272727272727,0.1111111111111111,0.0035460992907801418,0.0,4.86,,1.0406852248394005
2026-04-16,Brixton High,Johannesburg South,Public,Literacy Week,Mid,Instagram,Video,True,Grade 11,All,False,244.3,262.65,4483,560.0,311.0,228.0,141.0,45.0,7.0,3.0,25.0,0.0693731875975909,0.12491635065804149,0.7331189710610932,0.618421052631579,0.3191489361702128,0.15555555555555556,0.0015614543832255187,0.42857142857142855,34.9,81.43333333333334,0.9301351608604608
2026-05-19,Randburg High,Randburg,Public,Literacy Week,Close,Instagram,Video,True,Grade 12,Female,False,447.83,458.42,8320,1391.0,291.0,203.0,121.0,35.0,6.0,4.0,23.0,0.03497596153846154,0.1671875,0.697594501718213,0.5960591133004927,0.2892561983471074,0.17142857142857143,0.0007211538461538462,0.6666666666666666,74.63833333333334,111.9575,0.9768989136599624
2026-05-16,Soweto Academy,Soweto,No-Fee Public,Stem Drive,Close,WhatsApp,Static,True,Grade 11,All,False,60.8,68.8,4475,1415.0,1514.0,642.0,442.0,147.0,10.0,4.0,0.0,0.3383240223463687,0.31620111731843575,0.4240422721268164,0.6884735202492211,0.332579185520362,0.06802721088435375,0.0022346368715083797,0.4,6.08,15.2,0.8837209302325582
2026-04-17,Midrand High,Midrand,Public,Career Day,Mid,TikTok,Video,False,Both,Male,True,0.0,0.0,2058,695.0,105.0,61.0,37.0,14.0,1.0,0.0,7.0,0.05102040816326531,0.33770651117589895,0.580952380952381,0.6065573770491803,0.3783783783783784,0.07142857142857142,0.00048590864917395527,0.0,0.0,,
2026-04-26,Sandton College,Sandton,Public,Stem Drive,Mid,Facebook,Carousel,False,Grade 12,All,False,0.0,0.0,701,72.0,19.0,12.0,6.0,1.0,0.0,0.0,0.0,0.02710413694721826,0.10271041369472182,0.631578947368421,0.5,0.16666666666666666,0.0,0.0,0.0,,,
2026-06-05,Midrand High,Midrand,Public,Career Day,Mid,Facebook,Story,False,Grade 11,Female,False,0.0,0.0,896,24.0,60.0,26.0,14.0,6.0,0.0,0.0,0.0,0.06696428571428571,0.026785714285714284,0.43333333333333335,0.5384615384615384,0.42857142857142855,0.0,0.0,0.0,,,
2026-04-28,Alexandra School,Alexandra,No-Fee Public,Digital Skills Push,Mid,WhatsApp,Static,True,Grade 12,Male,False,40.64,36.66,2148,521.0,546.0,342.0,239.0,123.0,14.0,5.0,30.0,0.2541899441340782,0.2425512104283054,0.6263736263736264,0.6988304093567251,0.5146443514644351,0.11382113821138211,0.006517690875232775,0.35714285714285715,2.902857142857143,8.128,1.1085651936715768
2026-04-04,Midrand High,Midrand,Public,Literacy Week,Launch,TikTok,Video,True,Grade 11,Female,False,405.85,486.96,10361,4270.0,528.0,332.0,209.0,103.0,10.0,4.0,49.0,0.050960332014284335,0.41212238200945855,0.6287878787878788,0.6295180722891566,0.49282296650717705,0.0970873786407767,0.0009651578033008397,0.4,40.585,101.4625,0.8334360111713489
2026-04-12,Randburg High,Randburg,Public,Digital Skills Push,Launch,Facebook,Video,False,Grade 11,Male,True,0.0,0.0,876,82.0,59.0,30.0,18.0,8.0,1.0,0.0,1.0,0.06735159817351598,0.09360730593607305,0.5084745762711864,0.6,0.4444444444444444,0.125,0.001141552511415525,0.0,0.0,,
2026-04-06,Rosebank Academy,Rosebank,Public,Literacy Week,Close,TikTok,Video,True,Both,Female,False,282.21,307.88,10199,1613.0,1225.0,896.0,747.0,274.0,45.0,31.0,47.0,0.12010981468771448,0.15815276007451712,0.7314285714285714,0.8337053571428571,0.3668005354752343,0.16423357664233576,0.004412197274242573,0.6888888888888889,6.271333333333333,9.103548387096774,0.9166233597505521
2026-05-05,Soweto Academy,Soweto,No-Fee Public,Digital Skills Push,Mid,Instagram,Video,True,Grade 11,Female,True,0.0,192.27,3731,983.0,408.0,233.0,154.0,63.0,3.0,1.0,31.0,0.10935406057357278,0.26346823907799516,0.571078431372549,0.6609442060085837,0.4090909090909091,0.047619047619047616,0.0008040739748056821,0.3333333333333333,0.0,0.0,0.0
2026-04-09,Midrand High,Midrand,Public,Digital Skills Push,Launch,Facebook,Static,False,Grade 11,Female,False,0.0,0.0,763,32.0,25.0,12.0,6.0,2.0,0.0,0.0,1.0,0.0327653997378768,0.04193971166448231,0.48,0.5,0.3333333333333333,0.0,0.0,0.0,,,
2026-05-28,Alexandra School,Alexandra,No-Fee Public,Stem Drive,Close,Instagram,Carousel,False,Grade 11,Male,True,0.0,0.0,1817,220.0,217.0,134.0,107.0,35.0,3.0,2.0,7.0,0.11942762795817281,0.12107870115575124,0.6175115207373272,0.7985074626865671,0.32710280373831774,0.08571428571428572,0.001651073197578426,0.6666666666666666,0.0,0.0,
2026-12-05,Randburg High,Randburg,Public,Digital Skills Push,Mid,Facebook,Static,False,Grade 12,All,True,0.0,0.0,1697,108.0,113.0,53.0,32.0,10.0,1.0,0.0,5.0,0.06658809664113141,0.06364172068355922,0.4690265486725664,0.6037735849056604,0.3125,0.1,0.0005892751915144372,0.0,0.0,,
2026-04-25,Soweto Academy,Soweto,No-Fee Public,Stem Drive,Mid,WhatsApp,Static,False,Both,Female,True,0.0,0.0,798,229.0,0.0,116.0,73.0,33.0,3.0,1.0,0.0,0.0,0.2869674185463659,0.0,0.6293103448275862,0.4520547945205479,0.09090909090909091,0.0037593984962406013,0.3333333333333333,0.0,0.0,
2026-06-06,Midrand High,Midrand,Public,Literacy Week,Close,Facebook,Carousel,False,Both,Male,False,0.0,0.0,1344,112.0,82.0,51.0,35.0,18.0,1.0,0.0,3.0,0.06101190476190476,0.08333333333333333,0.6219512195121951,0.6862745098039216,0.5142857142857142,0.05555555555555555,0.000744047619047619,0.0,0.0,,
2026-04-25,Randburg High,Randburg,Public,Literacy Week,Mid,Facebook,Carousel,True,Grade 11,Female,False,98.67,100.18,2262,91.0,61.0,38.0,26.0,9.0,0.0,0.0,5.0,0.026967285587975242,0.040229885057471264,0.6229508196721312,0.6842105263157895,0.34615384615384615,0.0,0.0,0.0,,,0.984927131163905
2026-06-08,Sandton College,Sandton,Public,Stem Drive,Close,WhatsApp,Static,True,Grade 11,All,False,8.99,7.66,460,104.0,130.0,95.0,77.0,36.0,3.0,1.0,4.0,0.2826086956521739,0.22608695652173913,0.7307692307692307,0.8105263157894737,0.4675324675324675,0.08333333333333333,0.006521739130434782,0.3333333333333333,2.9966666666666666,8.99,1.1736292428198434
2026-06-13,Rosebank Academy,Rosebank,Public,Stem Drive,Close,Facebook,Static,False,Grade 11,Male,False,0.0,0.0,956,0.0,26.0,17.0,12.0,3.0,0.0,0.0,0.0,0.027196652719665274,0.0,0.6538461538461539,0.7058823529411765,0.25,0.0,0.0,0.0,,,
2026-04-21,Rosebank Academy,Rosebank,Public,Career Day,Mid,Facebook,Video,False,Both,Female,False,0.0,0.0,1018,85.0,58.0,28.0,0.0,8.0,1.0,0.0,3.0,0.05697445972495088,0.08349705304518663,0.4827586206896552,0.0,0.0,0.125,0.0009823182711198428,0.0,0.0,,
2026-06-05,Brixton High,Johannesburg South,Public,Career Day,Close,Instagram,Static,True,Grade 12,Female,True,166.41,191.09,2718,196.0,247.0,135.0,78.0,39.0,10.0,4.0,8.0,0.0908756438557763,0.07211184694628403,0.5465587044534413,0.5777777777777777,0.5,0.2564102564102564,0.003679175864606328,0.4,16.641,41.6025,0.8708461981265372
2026-04-30,Alexandra School,Alexandra,No-Fee Public,Career Day,Mid,WhatsApp,Carousel,False,Grade 12,All,True,0.0,0.0,882,420.0,100.0,62.0,37.0,18.0,3.0,1.0,3.0,0.11337868480725624,0.47619047619047616,0.62,0.5967741935483871,0.4864864864864865,0.16666666666666666,0.003401360544217687,0.3333333333333333,0.0,0.0,
2026-04-25,Midrand High,Midrand,Public,Career Day,Mid,Instagram,Video,False,Both,Male,False,0.0,0.0,13327,3290.0,1074.0,675.0,463.0,163.0,31.0,19.0,0.0,0.08058827943273054,0.246867261949426,0.6284916201117319,0.6859259259259259,0.35205183585313177,0.1901840490797546,0.002326104899827418,0.6129032258064516,0.0,0.0,
2026-06-13,Sandton College,Sandton,Public,Digital Skills Push,Close,TikTok,Carousel,True,Grade 12,Male,True,279.26,0.0,6761,1987.0,412.0,213.0,165.0,43.0,9.0,5.0,13.0,0.060937731104866145,0.29389143617808017,0.5169902912621359,0.7746478873239436,0.2606060606060606,0.20930232558139536,0.0013311640289897944,0.5555555555555556,31.028888888888886,55.852,
2026-01-05,Sandton College,Sandton,Public,Stem Drive,Mid,Instagram,Static,False,Grade 12,All,False,0.0,0.0,3077,184.0,202.0,105.0,67.0,32.0,4.0,2.0,14.0,0.06564835879103022,0.059798505037374064,0.5198019801980198,0.638095238095238,0.47761194029850745,0.125,0.0012999675008124798,0.5,0.0,0.0,
2026-04-24,Soweto Academy,Soweto,No-Fee Public,Career Day,Mid,Facebook,Static,True,Both,All,False,98.45,112.88,2932,179.0,150.0,61.0,36.0,16.0,1.0,0.0,4.0,0.05115961800818554,0.06105047748976808,0.4066666666666667,0.5901639344262295,0.4444444444444444,0.0625,0.00034106412005457026,0.0,98.45,,0.8721651311126861
2026-06-08,Alexandra School,Alexandra,No-Fee Public,Literacy Week,Close,Instagram,Carousel,False,Both,Female,True,0.0,0.0,434,84.0,46.0,25.0,15.0,6.0,0.0,0.0,2.0,0.10599078341013825,0.1935483870967742,0.5434782608695652,0.6,0.4,0.0,0.0,0.0,,,
2026-01-05,Soweto Academy,Soweto,No-Fee Public,Career Day,Mid,Facebook,Story,False,Grade 11,Male,False,0.0,0.0,1311,103.0,49.0,33.0,23.0,6.0,0.0,0.0,4.0,0.03737604881769641,0.07856598016781083,0.673469387755102,0.696969696969697,0.2608695652173913,0.0,0.0,0.0,,,
2026-04-05,Rosebank Academy,Rosebank,Public,Digital Skills Push,Launch,Instagram,Story,False,Both,Female,False,0.0,0.0,22402,2336.0,0.0,577.0,326.0,159.0,0.0,8.0,41.0,0.0,0.1042764038925096,0.0,0.5649913344887348,0.48773006134969327,0.0,0.0,0.0,,0.0,
2026-06-06,Alexandra School,Alexandra,No-Fee Public,Career Day,Close,Facebook,Carousel,False,Grade 11,Female,True,0.0,0.0,1148,73.0,59.0,26.0,17.0,8.0,0.0,0.0,1.0,0.05139372822299652,0.06358885017421603,0.4406779661016949,0.6538461538461539,0.47058823529411764,0.0,0.0,0.0,,,
2026-06-04,Rosebank Academy,Rosebank,Public,Stem Drive,Launch,TikTok,Video,True,Grade 12,Male,False,219.3,244.05,10267,4281.0,1030.0,644.0,368.0,166.0,14.0,6.0,69.0,0.10032141813577482,0.41696698159150675,0.625242718446602,0.5714285714285714,0.45108695652173914,0.08433734939759036,0.0013635920911658711,0.42857142857142855,15.664285714285715,36.550000000000004,0.8985863552550707
2026-04-23,Midrand High,Midrand,Public,Stem Drive,Mid,Instagram,Static,False,Both,All,False,0.0,0.0,2365,163.0,173.0,96.0,75.0,29.0,2.0,0.0,5.0,0.07315010570824525,0.06892177589852008,0.5549132947976878,0.78125,0.38666666666666666,0.06896551724137931,0.0008456659619450317,0.0,0.0,,
2026-04-20,Alexandra School,Alexandra,No-Fee Public,Digital Skills Push,Mid,TikTok,Video,False,Both,All,True,0.0,0.0,1006,230.0,41.0,19.0,15.0,8.0,0.0,0.0,1.0,0.040755467196819085,0.2286282306163022,0.4634146341463415,0.7894736842105263,0.5333333333333333,0.0,0.0,0.0,,,
2026-05-28,Soweto Academy,Soweto,No-Fee Public,Digital Skills Push,Close,WhatsApp,Static,True,Grade 11,All,False,77.65,88.69,2920,0.0,689.0,317.0,236.0,84.0,5.0,3.0,32.0,0.23595890410958903,0.0,0.46008708272859217,0.7444794952681388,0.3559322033898305,0.05952380952380952,0.0017123287671232876,0.6,15.530000000000001,25.883333333333336,0.8755214793099562
2026-04-20,Alexandra School,Alexandra,No-Fee Public,Career Day,Mid,TikTok,Video,False,Grade 11,Female,False,0.0,0.0,8325,2025.0,556.0,247.0,179.0,51.0,3.0,2.0,15.0,0.06678678678678679,0.24324324324324326,0.4442446043165468,0.7246963562753036,0.2849162011173184,0.058823529411764705,0.00036036036036036037,0.6666666666666666,0.0,0.0,
2026-05-29,Sandton College,Sandton,Public,Digital Skills Push,Close,TikTok,Static,False,Grade 11,All,False,0.0,0.0,8691,1186.0,912.0,438.0,291.0,82.0,5.0,0.0,43.0,0.10493614083534691,0.1364630077091244,0.48026315789473684,0.6643835616438356,0.281786941580756,0.06097560975609756,0.0005753077896674721,0.0,0.0,,
2026-04-24,Rosebank Academy,Rosebank,Public,Digital Skills Push,Mid,WhatsApp,Video,True,Both,Female,False,14.03,14.82,796,400.0,0.0,148.0,85.0,24.0,3.0,1.0,20.0,0.0,0.5025125628140703,0.0,0.5743243243243243,0.2823529411764706,0.125,0.0037688442211055275,0.3333333333333333,4.676666666666667,14.03,0.9466936572199729
2026-06-05,Soweto Academy,Soweto,No-Fee Public,Literacy Week,Mid,WhatsApp,Static,False,Both,Female,True,0.0,0.0,1775,344.0,423.0,206.0,132.0,0.0,6.0,3.0,27.0,0.23830985915492958,0.19380281690140846,0.48699763593380613,0.6407766990291263,0.0,0.0,0.0033802816901408453,0.5,0.0,0.0,
2026-02-05,Midrand High,Midrand,Public,Digital Skills Push,Mid,TikTok,Carousel,True,Grade 11,Male,False,483.68,469.95,13990,4081.0,907.0,668.0,458.0,170.0,10.0,4.0,67.0,0.06483202287348105,0.29170836311651177,0.7364939360529217,0.6856287425149701,0.37117903930131,0.058823529411764705,0.0007147962830593281,0.4,48.368,120.92,1.0292158740291522
2026-04-25,Midrand High,Midrand,Public,Digital Skills Push,Mid,Instagram,Video,False,Grade 12,All,True,0.0,0.0,17525,2569.0,1082.0,635.0,482.0,158.0,33.0,17.0,79.0,0.06174037089871612,0.14659058487874466,0.5868761552680222,0.7590551181102362,0.3278008298755187,0.2088607594936709,0.0018830242510699002,0.5151515151515151,0.0,0.0,
2026-06-13,Sandton College,Sandton,Public,Stem Drive,Close,TikTok,Static,False,Grade 12,Male,True,0.0,0.0,1224,174.0,49.0,34.0,28.0,0.0,2.0,0.0,4.0,0.04003267973856209,0.14215686274509803,0.6938775510204082,0.8235294117647058,0.0,0.0,0.0016339869281045752,0.0,0.0,,
2026-04-26,Midrand High,Midrand,Public,Career Day,Mid,WhatsApp,Video,True,Both,Male,True,21.87,20.02,803,259.0,134.0,98.0,63.0,19.0,3.0,1.0,12.0,0.16687422166874222,0.32254047322540474,0.7313432835820896,0.6428571428571429,0.30158730158730157,0.15789473684210525,0.0037359900373599006,0.3333333333333333,7.29,21.87,1.0924075924075924
2026-04-23,Midrand High,Midrand,Public,Career Day,Mid,TikTok,Video,True,Both,All,False,0.0,237.62,7861,1055.0,400.0,182.0,111.0,36.0,7.0,3.0,22.0,0.05088411143620405,0.13420684391298818,0.455,0.6098901098901099,0.32432432432432434,0.19444444444444445,0.0008904719501335708,0.42857142857142855,0.0,0.0,0.0
2026-05-25,Rosebank Academy,Rosebank,Public,Digital Skills Push,Close,WhatsApp,Static,False,Grade 12,Female,True,0.0,0.0,467,87.0,120.0,72.0,57.0,15.0,2.0,0.0,5.0,0.2569593147751606,0.18629550321199143,0.6,0.7916666666666666,0.2631578947368421,0.13333333333333333,0.004282655246252677,0.0,0.0,,
2026-05-16,Rosebank Academy,Rosebank,Public,Digital Skills Push,Close,Facebook,Static,True,Grade 11,Male,False,81.28,69.09,2383,146.0,168.0,87.0,60.0,15.0,1.0,0.0,8.0,0.07049937054133446,0.06126731011330256,0.5178571428571429,0.6896551724137931,0.25,0.06666666666666667,0.000419639110365086,0.0,81.28,,1.1764365320596324
2026-04-24,Sandton College,Sandton,Public,Literacy Week,Mid,Facebook,Static,True,Grade 12,Female,True,25.08,25.32,886,36.0,54.0,30.0,19.0,5.0,1.0,0.0,4.0,0.060948081264108354,0.040632054176072234,0.5555555555555556,0.6333333333333333,0.2631578947368421,0.2,0.001128668171557562,0.0,25.08,,0.9905213270142179
2026-04-18,Randburg High,Randburg,Public,Stem Drive,Mid,Instagram,Carousel,True,Both,Female,False,290.71,248.39,6259,1325.0,590.0,315.0,265.0,85.0,18.0,0.0,38.0,0.09426425946636843,0.21169515897108165,0.5338983050847458,0.8412698412698413,0.32075471698113206,0.21176470588235294,0.0028758587633807317,0.0,16.150555555555556,,1.1703772293570593
2026-09-05,Brixton High,Johannesburg South,Public,Stem Drive,Mid,WhatsApp,Video,True,Grade 12,All,False,5.33,5.99,492,198.0,122.0,64.0,36.0,10.0,1.0,0.0,0.0,0.24796747967479674,0.4024390243902439,0.5245901639344263,0.5625,0.2777777777777778,0.1,0.0020325203252032522,0.0,5.33,,0.8898163606010017
2026-04-29,Midrand High,Midrand,Public,Literacy Week,Mid,TikTok,Video,False,Both,Female,False,0.0,0.0,20028,5669.0,1514.0,853.0,691.0,296.0,59.0,26.0,87.0,0.0755941681645696,0.28305372478530055,0.5634081902245707,0.8100820633059789,0.4283646888567294,0.19932432432432431,0.002945875773916517,0.4406779661016949,0.0,0.0,
2026-05-03,Randburg High,Randburg,Public,Digital Skills Push,Mid,TikTok,Video,False,Both,Male,False,0.0,0.0,1538,425.0,72.0,0.0,28.0,14.0,1.0,0.0,2.0,0.04681404421326398,0.276332899869961,0.0,0.0,0.5,0.07142857142857142,0.0006501950585175553,0.0,0.0,,
2026-04-21,Rosebank Academy,Rosebank,Public,Career Day,Mid,Facebook,Story,False,Grade 12,Female,True,0.0,0.0,1035,73.0,72.0,30.0,18.0,7.0,1.0,0.0,2.0,0.06956521739130435,0.07053140096618357,0.4166666666666667,0.6,0.3888888888888889,0.14285714285714285,0.000966183574879227,0.0,0.0,,
2026-04-26,Midrand High,Midrand,Public,Literacy Week,Mid,TikTok,Video,False,Grade 12,Female,False,0.0,0.0,8909,0.0,1165.0,597.0,0.0,153.0,26.0,14.0,74.0,0.13076664047592323,0.0,0.5124463519313305,0.0,0.0,0.16993464052287582,0.002918397126501291,0.5384615384615384,0.0,0.0,
2026-12-04,Rosebank Academy,Rosebank,Public,Literacy Week,Launch,TikTok,Video,True,Grade 11,Male,False,41.56,39.69,1574,458.0,161.0,76.0,43.0,14.0,0.0,0.0,10.0,0.102287166454892,0.2909783989834816,0.4720496894409938,0.5657894736842105,0.32558139534883723,0.0,0.0,0.0,,,1.0471151423532377
2026-04-03,Rosebank Academy,Rosebank,Public,Career Day,Launch,WhatsApp,Static,False,Grade 12,All,False,0.0,0.0,779,198.0,272.0,201.0,155.0,65.0,4.0,2.0,25.0,0.3491655969191271,0.25417201540436457,0.7389705882352942,0.7711442786069652,0.41935483870967744,0.06153846153846154,0.005134788189987163,0.5,0.0,0.0,
2026-04-24,Soweto Academy,Soweto,No-Fee Public,Career Day,Mid,Facebook,Video,True,Grade 11,All,True,23.91,0.0,730,77.0,20.0,12.0,6.0,2.0,0.0,0.0,0.0,0.0273972602739726,0.10547945205479452,0.6,0.5,0.3333333333333333,0.0,0.0,0.0,,,
2026-05-25,Sandton College,Sandton,Public,Digital Skills Push,Close,Instagram,Carousel,True,Both,All,True,367.77,404.31,7097,388.0,0.0,405.0,282.0,133.0,11.0,6.0,34.0,0.0,0.05467098774129914,0.0,0.6962962962962963,0.4716312056737589,0.08270676691729323,0.0015499506833873467,0.5454545454545454,33.43363636363636,61.294999999999995,0.9096238035171031
2026-04-03,Midrand High,Midrand,Public,Stem Drive,Launch,WhatsApp,Video,True,Grade 12,All,False,16.56,17.21,1297,680.0,409.0,207.0,157.0,63.0,4.0,2.0,30.0,0.315343099460293,0.5242868157286045,0.5061124694376528,0.7584541062801933,0.4012738853503185,0.06349206349206349,0.0030840400925212026,0.5,4.14,8.28,0.9622312608948285
2026-07-06,Rosebank Academy,Rosebank,Public,Literacy Week,Close,TikTok,Video,False,Grade 11,Male,False,0.0,0.0,8604,0.0,563.0,0.0,236.0,107.0,9.0,4.0,39.0,0.06543468154346815,0.0,0.0,0.0,0.4533898305084746,0.08411214953271028,0.0010460251046025104,0.4444444444444444,0.0,0.0,
2026-05-17,Brixton High,Johannesburg South,Public,Stem Drive,Close,WhatsApp,Static,False,Grade 12,Female,False,0.0,0.0,279,79.0,78.0,41.0,34.0,0.0,2.0,1.0,4.0,0.27956989247311825,0.2831541218637993,0.5256410256410257,0.8292682926829268,0.0,0.0,0.007168458781362007,0.5,0.0,0.0,
2026-04-10,Randburg High,Randburg,Public,Literacy Week,Launch,WhatsApp,Carousel,True,Grade 11,All,True,11.57,12.76,608,130.0,179.0,130.0,98.0,28.0,2.0,1.0,8.0,0.2944078947368421,0.2138157894736842,0.7262569832402235,0.7538461538461538,0.2857142857142857,0.07142857142857142,0.003289473684210526,0.5,5.785,11.57,0.9067398119122257
2026-04-19,Alexandra School,Alexandra,No-Fee Public,Stem Drive,Mid,WhatsApp,Video,False,Grade 11,Female,False,0.0,0.0,958,279.0,0.0,145.0,93.0,44.0,3.0,1.0,8.0,0.0,0.29123173277661796,0.0,0.6413793103448275,0.4731182795698925,0.06818181818181818,0.003131524008350731,0.3333333333333333,0.0,0.0,
2026-05-21,Alexandra School,Alexandra,No-Fee Public,Career Day,Close,TikTok,Video,False,Both,All,True,0.0,0.0,5047,1134.0,282.0,116.0,83.0,0.0,2.0,0.0,7.0,0.05587477709530414,0.22468793342579751,0.41134751773049644,0.7155172413793104,0.0,0.0,0.00039627501486031304,0.0,0.0,,
2026-10-06,Randburg High,Randburg,Public,Career Day,Close,WhatsApp,Video,True,Grade 12,Male,False,25.49,23.54,1395,423.0,159.0,95.0,80.0,32.0,2.0,1.0,10.0,0.11397849462365592,0.3032258064516129,0.5974842767295597,0.8421052631578947,0.4,0.0625,0.0014336917562724014,0.5,12.745,25.49,1.0828377230246389
2026-05-04,Rosebank Academy,Rosebank,Public,Literacy Week,Launch,TikTok,Video,False,Both,Male,True,0.0,0.0,5329,712.0,418.0,285.0,174.0,76.0,10.0,4.0,0.0,0.07843873146931882,0.13360855695252394,0.6818181818181818,0.6105263157894737,0.4367816091954023,0.13157894736842105,0.0018765246762994933,0.4,0.0,0.0,
2026-04-17,Sandton College,Sandton,Public,Digital Skills Push,Mid,TikTok,Static,True,Both,Female,False,89.24,92.13,4170,643.0,477.0,283.0,157.0,66.0,8.0,5.0,0.0,0.11438848920863309,0.15419664268585132,0.5932914046121593,0.5547703180212014,0.42038216560509556,0.12121212121212122,0.0019184652278177458,0.625,11.155,17.848,0.9686312818842939
2026-05-25,Midrand High,Midrand,Public,Career Day,Close,WhatsApp,Static,True,Grade 12,Male,True,15.22,14.01,1416,196.0,320.0,217.0,178.0,0.0,8.0,4.0,29.0,0.22598870056497175,0.1384180790960452,0.678125,0.8202764976958525,0.0,0.0,0.005649717514124294,0.5,1.9025,3.805,1.0863668807994291
2026-04-06,Brixton High,Johannesburg South,Public,Literacy Week,Close,WhatsApp,Video,True,Both,All,False,39.59,38.1,1422,422.0,240.0,122.0,83.0,23.0,1.0,0.0,0.0,0.16877637130801687,0.2967651195499297,0.5083333333333333,0.680327868852459,0.27710843373493976,0.043478260869565216,0.0007032348804500703,0.0,39.59,,1.0391076115485565
2026-05-09,Rosebank Academy,Rosebank,Public,Career Day,Mid,Instagram,Video,False,Grade 12,Male,False,0.0,0.0,1283,197.0,79.0,40.0,24.0,11.0,2.0,0.0,5.0,0.06157443491816056,0.15354637568199533,0.5063291139240507,0.6,0.4583333333333333,0.18181818181818182,0.001558846453624318,0.0,0.0,,
2026-04-27,Sandton College,Sandton,Public,Literacy Week,Mid,Facebook,Video,True,Grade 12,Male,False,454.44,482.41,9460,410.0,247.0,169.0,133.0,46.0,10.0,6.0,17.0,0.026109936575052853,0.04334038054968287,0.6842105263157895,0.7869822485207101,0.3458646616541353,0.21739130434782608,0.0010570824524312897,0.6,45.444,75.74,0.9420202732115834
2026-10-04,Rosebank Academy,Rosebank,Public,Career Day,Launch,WhatsApp,Static,True,Grade 12,All,False,29.17,30.9,1610,413.0,401.0,275.0,178.0,78.0,5.0,2.0,17.0,0.24906832298136647,0.2565217391304348,0.685785536159601,0.6472727272727272,0.43820224719101125,0.0641025641025641,0.003105590062111801,0.4,5.8340000000000005,14.585,0.9440129449838188
2026-05-03,Rosebank Academy,Rosebank,Public,Literacy Week,Mid,Instagram,Static,False,Both,Female,False,0.0,0.0,835,117.0,25.0,14.0,11.0,3.0,0.0,0.0,1.0,0.029940119760479042,0.14011976047904193,0.56,0.7857142857142857,0.2727272727272727,0.0,0.0,0.0,,,
2026-04-07,Rosebank Academy,Rosebank,Public,Stem Drive,Launch,TikTok,Video,False,Grade 11,All,False,0.0,0.0,7496,1208.0,964.0,675.0,552.0,253.0,25.0,14.0,64.0,0.12860192102454643,0.16115261472785486,0.700207468879668,0.8177777777777778,0.4583333333333333,0.09881422924901186,0.0033351120597652083,0.56,0.0,0.0,
2026-04-02,Rosebank Academy,Rosebank,Public,Literacy Week,Launch,Facebook,Static,True,Grade 11,All,False,251.71,239.22,5756,118.0,289.0,201.0,127.0,0.0,2.0,1.0,10.0,0.05020847810979847,0.02050034746351633,0.6955017301038062,0.6318407960199005,0.0,0.0,0.00034746351633078526,0.5,125.855,251.71,1.0522113535657553
2026-06-09,Randburg High,Randburg,Public,Stem Drive,Close,WhatsApp,Static,False,Grade 12,Male,False,0.0,0.0,1496,431.0,169.0,83.0,66.0,17.0,2.0,1.0,8.0,0.11296791443850267,0.28810160427807485,0.4911242603550296,0.7951807228915663,0.25757575757575757,0.11764705882352941,0.001336898395721925,0.5,0.0,0.0,
2026-12-04,Alexandra School,Alexandra,No-Fee Public,Career Day,Launch,Instagram,Static,False,Grade 12,All,False,0.0,0.0,5808,257.0,270.0,135.0,100.0,27.0,1.0,0.0,17.0,0.04648760330578512,0.04424931129476584,0.5,0.7407407407407407,0.27,0.037037037037037035,0.0001721763085399449,0.0,0.0,,
2026-04-11,Sandton College,Sandton,Public,Digital Skills Push,Launch,Instagram,Static,False,Grade 11,All,False,0.0,0.0,3538,142.0,288.0,140.0,95.0,49.0,2.0,1.0,0.0,0.08140192198982477,0.04013566986998304,0.4861111111111111,0.6785714285714286,0.5157894736842106,0.04081632653061224,0.0005652911249293386,0.5,0.0,0.0,
2026-04-16,Rosebank Academy,Rosebank,Public,Digital Skills Push,Mid,Instagram,Story,False,Grade 12,Female,False,0.0,0.0,5114,269.0,399.0,293.0,168.0,65.0,15.0,8.0,19.0,0.07802111849824013,0.05260070394994134,0.7343358395989975,0.5733788395904437,0.3869047619047619,0.23076923076923078,0.002933124755572937,0.5333333333333333,0.0,0.0,
2026-06-12,Midrand High,Midrand,Public,Digital Skills Push,Close,Instagram,Static,False,Grade 12,All,False,0.0,0.0,13455,0.0,812.0,529.0,355.0,111.0,0.0,10.0,76.0,0.06034931252322557,0.0,0.6514778325123153,0.6710775047258979,0.3126760563380282,0.0,0.0,0.0,,0.0,
2026-05-15,Randburg High,Randburg,Public,Career Day,Mid,WhatsApp,Static,True,Grade 11,Male,False,13.1,12.06,1163,218.0,359.0,236.0,158.0,45.0,0.0,3.0,19.0,0.30868443680137575,0.1874462596732588,0.6573816155988857,0.6694915254237288,0.2848101265822785,0.0,0.0,0.0,,4.366666666666666,1.0862354892205637
2026-10-04,Alexandra School,Alexandra,No-Fee Public,Digital Skills Push,Launch,TikTok,Video,True,Grade 11,Male,True,141.83,141.22,3363,1218.0,420.0,0.0,164.0,72.0,4.0,2.0,38.0,0.12488849241748438,0.3621766280107047,0.0,0.0,0.43902439024390244,0.05555555555555555,0.0011894142134998512,0.5,35.4575,70.915,1.0043195014870416
2026-06-09,Randburg High,Randburg,Public,Stem Drive,Close,WhatsApp,Static,True,Grade 12,Male,False,22.5,22.86,766,118.0,204.0,84.0,62.0,20.0,2.0,1.0,10.0,0.26631853785900783,0.15404699738903394,0.4117647058823529,0.7380952380952381,0.3225806451612903,0.1,0.0026109660574412533,0.5,11.25,22.5,0.984251968503937
2026-05-05,Soweto Academy,Soweto,No-Fee Public,Stem Drive,Mid,Instagram,Video,False,Both,Female,True,0.0,0.0,1171,189.0,128.0,57.0,47.0,18.0,1.0,0.0,6.0,0.10930828351836037,0.161400512382579,0.4453125,0.8245614035087719,0.3829787234042553,0.05555555555555555,0.0008539709649871904,0.0,0.0,,
2026-12-04,Rosebank Academy,Rosebank,Public,Digital Skills Push,Launch,TikTok,Video,True,Both,Male,False,263.19,276.25,8360,2467.0,1232.0,692.0,409.0,188.0,11.0,7.0,77.0,0.14736842105263157,0.2950956937799043,0.5616883116883117,0.5910404624277457,0.45965770171149145,0.05851063829787234,0.0013157894736842105,0.6363636363636364,23.926363636363636,37.598571428571425,0.9527239819004525
2026-04-04,Brixton High,Johannesburg South,Public,Literacy Week,Launch,Instagram,Carousel,True,Both,Male,True,233.35,256.28,6305,519.0,745.0,360.0,210.0,82.0,14.0,8.0,52.0,0.11816019032513878,0.08231562252180809,0.48322147651006714,0.5833333333333334,0.3904761904761905,0.17073170731707318,0.0022204599524187152,0.5714285714285714,16.66785714285714,29.16875,0.9105275479943812
2026-04-03,Alexandra School,Alexandra,No-Fee Public,Literacy Week,Launch,Instagram,Story,True,Grade 11,Male,True,470.42,426.99,12609,702.0,546.0,247.0,150.0,80.0,2.0,1.0,29.0,0.04330240304544373,0.055674518201284794,0.4523809523809524,0.6072874493927125,0.5333333333333333,0.025,0.00015861686097232136,0.5,235.21,470.42,1.1017119838872105
2026-04-20,Alexandra School,Alexandra,No-Fee Public,Digital Skills Push,Mid,WhatsApp,Video,False,Grade 12,Male,True,0.0,0.0,671,363.0,91.0,45.0,37.0,16.0,1.0,0.0,3.0,0.13561847988077497,0.5409836065573771,0.4945054945054945,0.8222222222222222,0.43243243243243246,0.0625,0.0014903129657228018,0.0,0.0,,
2026-06-06,Alexandra School,Alexandra,No-Fee Public,Literacy Week,Close,Instagram,Carousel,False,Grade 12,Male,False,0.0,0.0,9028,1261.0,683.0,427.0,272.0,141.0,17.0,10.0,63.0,0.07565352237483385,0.13967656180770935,0.6251830161054173,0.6370023419203747,0.5183823529411765,0.12056737588652482,0.0018830305715551617,0.5882352941176471,0.0,0.0,
2026-05-29,Brixton High,Johannesburg South,Public,Stem Drive,Close,TikTok,Carousel,True,Grade 11,Male,False,256.39,305.5,5835,1112.0,548.0,334.0,234.0,62.0,6.0,3.0,40.0,0.09391602399314482,0.19057412167952015,0.6094890510948905,0.7005988023952096,0.26495726495726496,0.0967741935483871,0.0010282776349614395,0.5,42.73166666666666,85.46333333333332,0.8392471358428805
2026-05-20,Midrand High,Midrand,Public,Digital Skills Push,Close,TikTok,Video,True,Grade 11,Male,False,4073.68,4793.11,143513,42652.0,11672.0,4695.0,3482.0,1156.0,72.0,38.0,501.0,0.0813306111641454,0.2971995568345725,0.4022446881425634,0.741640042598509,0.33199310740953475,0.06228373702422145,0.000501696710402542,0.5277777777777778,56.57888888888888,107.20210526315789,0.8499032986933327
2026-07-05,Rosebank Academy,Rosebank,Public,Digital Skills Push,Mid,Instagram,Story,True,Grade 12,Male,False,275.93,261.31,7152,0.0,257.0,169.0,122.0,51.0,13.0,7.0,16.0,0.03593400447427293,0.0,0.6575875486381323,0.7218934911242604,0.4180327868852459,0.2549019607843137,0.0018176733780760625,0.5384615384615384,21.225384615384616,39.41857142857143,1.0559488729861084
2026-04-26,Soweto Academy,Soweto,No-Fee Public,Career Day,Mid,Facebook,Static,True,Grade 11,All,False,64.87,58.93,1510,51.0,58.0,40.0,31.0,10.0,0.0,0.0,4.0,0.038410596026490065,0.03377483443708609,0.6896551724137931,0.775,0.3225806451612903,0.0,0.0,0.0,,,1.1007975564228747
2026-04-19,Alexandra School,Alexandra,No-Fee Public,Career Day,Mid,WhatsApp,Video,True,Grade 11,Male,True,14.86,17.26,564,253.0,0.0,85.0,64.0,16.0,0.0,0.0,11.0,0.0,0.44858156028368795,0.0,0.7529411764705882,0.25,0.0,0.0,0.0,,,0.8609501738122827
2026-04-09,Midrand High,Midrand,Public,Career Day,Launch,Facebook,Carousel,False,Grade 11,Male,False,0.0,0.0,1970,77.0,80.0,34.0,27.0,0.0,1.0,0.0,2.0,0.04060913705583756,0.03908629441624366,0.425,0.7941176470588235,0.0,0.0,0.0005076142131979696,0.0,0.0,,
2026-04-16,Randburg High,Randburg,Public,Digital Skills Push,Mid,Facebook,Video,True,Both,Male,False,63.96,59.46,2035,85.0,160.0,70.0,40.0,11.0,2.0,1.0,7.0,0.07862407862407862,0.04176904176904177,0.4375,0.5714285714285714,0.275,0.18181818181818182,0.0009828009828009828,0.5,31.98,63.96,1.0756811301715439
2026-04-10,Randburg High,Randburg,Public,Digital Skills Push,Launch,Facebook,Story,True,Grade 12,All,False,138.74,124.89,5036,241.0,279.0,121.0,100.0,54.0,3.0,2.0,10.0,0.05540111199364575,0.04785544082605242,0.4336917562724014,0.8264462809917356,0.54,0.05555555555555555,0.0005957108816521049,0.6666666666666666,46.24666666666667,69.37,1.1108975898790936
2026-05-18,Midrand High,Midrand,Public,Literacy Week,Close,TikTok,Video,True,Grade 12,Female,False,213.32,185.27,9485,1332.0,1086.0,803.0,533.0,0.0,23.0,13.0,47.0,0.11449657353716394,0.1404322614654718,0.7394106813996317,0.663760896637609,0.0,0.0,0.0024248813916710596,0.5652173913043478,9.274782608695652,16.409230769230767,1.1514006584984076
2026-04-18,Rosebank Academy,Rosebank,Public,Literacy Week,Mid,TikTok,Video,True,Grade 12,Male,False,63.81,66.21,1556,320.0,70.0,52.0,34.0,10.0,2.0,0.0,6.0,0.04498714652956298,0.20565552699228792,0.7428571428571429,0.6538461538461539,0.29411764705882354,0.2,0.0012853470437017994,0.0,31.905,,0.963751699139103
2026-06-01,Alexandra School,Alexandra,No-Fee Public,Digital Skills Push,Close,TikTok,Video,False,Both,Male,True,0.0,0.0,2227,579.0,318.0,186.0,136.0,65.0,5.0,2.0,20.0,0.14279299506061965,0.2599910193084867,0.5849056603773585,0.7311827956989247,0.47794117647058826,0.07692307692307693,0.00224517287831163,0.4,0.0,0.0,
2026-12-05,Sandton College,Sandton,Public,Literacy Week,Mid,TikTok,Video,True,Grade 11,Male,False,606.55,608.16,17842,5603.0,786.0,358.0,211.0,69.0,10.0,5.0,24.0,0.04405335724694541,0.31403430108732205,0.455470737913486,0.5893854748603352,0.32701421800947866,0.14492753623188406,0.0005604752830400179,0.5,60.654999999999994,121.30999999999999,0.9973526703499079
2026-04-12,Rosebank Academy,Rosebank,Public,Stem Drive,Launch,TikTok,Carousel,False,Grade 11,All,False,0.0,0.0,4607,991.0,230.0,0.0,109.0,37.0,3.0,1.0,18.0,0.04992402865205123,0.21510744519209898,0.0,0.0,0.3394495412844037,0.08108108108108109,0.0006511829824180595,0.3333333333333333,0.0,0.0,
2026-05-13,Sandton College,Sandton,Public,Literacy Week,Mid,TikTok,Carousel,False,Grade 12,Male,False,0.0,0.0,924,265.0,42.0,30.0,22.0,7.0,1.0,0.0,3.0,0.045454545454545456,0.28679653679653677,0.7142857142857143,0.7333333333333333,0.3181818181818182,0.14285714285714285,0.0010822510822510823,0.0,0.0,,
2026-05-30,Midrand High,Midrand,Public,Literacy Week,Close,WhatsApp,Carousel,True,Grade 11,Female,False,42.44,49.1,1743,0.0,533.0,343.0,240.0,85.0,8.0,5.0,42.0,0.3057946069994263,0.0,0.6435272045028143,0.6997084548104956,0.3541666666666667,0.09411764705882353,0.004589787722317842,0.625,5.305,8.488,0.8643584521384928
2026-06-02,Rosebank Academy,Rosebank,Public,Stem Drive,Close,WhatsApp,Static,True,Grade 12,All,True,29.58,28.06,1787,244.0,342.0,183.0,121.0,60.0,12.0,4.0,9.0,0.19138220481253498,0.1365416899832121,0.5350877192982456,0.6612021857923497,0.49586776859504134,0.2,0.006715165081141578,0.3333333333333333,2.465,7.395,1.0541696364932287
2026-04-10,Midrand High,Midrand,Public,Digital Skills Push,Launch,WhatsApp,Static,True,Grade 11,Female,False,14.97,0.0,552,176.0,94.0,59.0,39.0,14.0,0.0,0.0,4.0,0.17028985507246377,0.3188405797101449,0.6276595744680851,0.6610169491525424,0.358974358974359,0.0,0.0,0.0,,,
2026-05-03,Brixton High,Johannesburg South,Public,Career Day,Mid,Instagram,Video,False,Grade 12,All,False,0.0,0.0,2802,194.0,148.0,91.0,58.0,0.0,3.0,2.0,9.0,0.05281941470378301,0.06923625981441828,0.6148648648648649,0.6373626373626373,0.0,0.0,0.0010706638115631692,0.6666666666666666,0.0,0.0,
2026-04-30,Rosebank Academy,Rosebank,Public,Literacy Week,Mid,WhatsApp,Static,True,Both,Female,False,27.06,27.65,1094,0.0,261.0,188.0,139.0,53.0,5.0,2.0,12.0,0.23857404021937842,0.0,0.7203065134099617,0.7393617021276596,0.381294964028777,0.09433962264150944,0.004570383912248629,0.4,5.412,13.53,0.9786618444846293
2026-05-04,Brixton High,Johannesburg South,Public,Stem Drive,Launch,Facebook,Video,False,Both,Female,False,0.0,0.0,536,16.0,35.0,16.0,13.0,4.0,0.0,0.0,1.0,0.06529850746268656,0.029850746268656716,0.45714285714285713,0.8125,0.3076923076923077,0.0,0.0,0.0,,,
2026-04-05,Midrand High,Midrand,Public,Literacy Week,Launch,TikTok,Video,True,Both,Female,True,349.24,343.47,7974,1911.0,475.0,350.0,283.0,78.0,12.0,5.0,44.0,0.059568597943315774,0.23965387509405567,0.7368421052631579,0.8085714285714286,0.2756183745583039,0.15384615384615385,0.0015048908954100827,0.4166666666666667,29.103333333333335,69.848,1.0167991382071213
2026-06-10,Alexandra School,Alexandra,No-Fee Public,Digital Skills Push,Close,Instagram,Story,True,Both,Male,True,264.18,267.41,5838,416.0,0.0,243.0,0.0,74.0,6.0,2.0,22.0,0.0,0.07125727989037342,0.0,0.0,0.0,0.08108108108108109,0.0010277492291880781,0.3333333333333333,44.03,132.09,0.9879211697393515
2026-05-15,Alexandra School,Alexandra,No-Fee Public,Literacy Week,Mid,Facebook,Video,True,Both,Male,False,155.01,153.08,5088,197.0,0.0,186.0,0.0,52.0,5.0,2.0,14.0,0.0,0.038718553459119495,0.0,0.0,0.0,0.09615384615384616,0.0009827044025157233,0.4,31.002,77.505,1.012607786778155
2026-05-05,Rosebank Academy,Rosebank,Public,Digital Skills Push,Mid,Facebook,Story,False,Grade 12,All,False,0.0,0.0,3112,89.0,64.0,28.0,15.0,8.0,2.0,0.0,0.0,0.02056555269922879,0.02859897172236504,0.4375,0.5357142857142857,0.5333333333333333,0.25,0.0006426735218508997,0.0,0.0,,
2026-05-14,Midrand High,Midrand,Public,Stem Drive,Mid,TikTok,Static,True,Grade 12,Male,True,57.37,57.11,1863,266.0,193.0,126.0,107.0,27.0,6.0,3.0,15.0,0.10359634997316157,0.14278046162104133,0.6528497409326425,0.8492063492063492,0.2523364485981308,0.2222222222222222,0.00322061191626409,0.5,9.561666666666666,19.12333333333333,1.0045526177552093
2026-05-27,Brixton High,Johannesburg South,Public,Stem Drive,Close,Facebook,Static,True,Grade 12,Male,False,71.61,82.26,1360,76.0,65.0,46.0,35.0,12.0,1.0,0.0,5.0,0.04779411764705882,0.05588235294117647,0.7076923076923077,0.7608695652173914,0.34285714285714286,0.08333333333333333,0.0007352941176470588,0.0,71.61,,0.8705324580598103
2026-06-13,Brixton High,Johannesburg South,Public,Career Day,Close,Facebook,Carousel,False,Grade 11,Male,False,0.0,0.0,2022,121.0,115.0,50.0,30.0,9.0,0.0,0.0,2.0,0.056874381800197826,0.05984174085064293,0.43478260869565216,0.6,0.3,0.0,0.0,0.0,,,
2026-04-04,Brixton High,Johannesburg South,Public,Career Day,Launch,Instagram,Video,True,Grade 11,Female,False,366.59,405.59,7306,590.0,644.0,333.0,196.0,98.0,6.0,3.0,42.0,0.08814672871612374,0.08075554338899535,0.5170807453416149,0.5885885885885885,0.5,0.061224489795918366,0.0008212428141253764,0.5,61.09833333333333,122.19666666666666,0.9038437831307478
2026-05-06,Midrand High,Midrand,Public,Digital Skills Push,Close,Facebook,Carousel,False,Grade 11,All,False,0.0,0.0,2022,215.0,60.0,0.0,19.0,8.0,0.0,0.0,1.0,0.02967359050445104,0.10633036597428289,0.0,0.0,0.42105263157894735,0.0,0.0,0.0,,,
2026-05-06,Randburg High,Randburg,Public,Career Day,Mid,WhatsApp,Static,False,Grade 12,Female,False,0.0,0.0,991,296.0,254.0,149.0,108.0,38.0,5.0,3.0,18.0,0.25630676084762866,0.29868819374369326,0.5866141732283464,0.7248322147651006,0.35185185185185186,0.13157894736842105,0.005045408678102927,0.6,0.0,0.0,
2026-04-19,Sandton College,Sandton,Public,Digital Skills Push,Mid,TikTok,Video,False,Both,Female,False,0.0,0.0,12697,3423.0,1099.0,608.0,504.0,200.0,43.0,27.0,39.0,0.08655587934157676,0.26959124202567536,0.5532302092811647,0.8289473684210527,0.3968253968253968,0.215,0.003386626762227298,0.627906976744186,0.0,0.0,
2026-02-04,Brixton High,Johannesburg South,Public,Literacy Week,Launch,Facebook,Video,False,Grade 12,Female,False,0.0,0.0,2873,129.0,159.0,66.0,54.0,27.0,2.0,1.0,6.0,0.05534284719805082,0.044900800556909155,0.41509433962264153,0.8181818181818182,0.5,0.07407407407407407,0.0006961364427427776,0.5,0.0,0.0,
2026-09-06,Midrand High,Midrand,Public,Digital Skills Push,Close,TikTok,Video,False,Both,All,False,0.0,0.0,7454,996.0,847.0,470.0,297.0,82.0,6.0,0.0,53.0,0.11363026562919239,0.13361953313657096,0.5548996458087367,0.6319148936170212,0.2760942760942761,0.07317073170731707,0.0008049369466058492,0.0,0.0,,
2026-04-18,Alexandra School,Alexandra,No-Fee Public,Stem Drive,Mid,Instagram,Video,True,Both,All,False,178.71,154.72,3798,915.0,0.0,66.0,44.0,22.0,1.0,0.0,4.0,0.0,0.24091627172195892,0.0,0.6666666666666666,0.5,0.045454545454545456,0.0002632964718272775,0.0,178.71,,1.1550542916235782
2026-05-16,Soweto Academy,Soweto,No-Fee Public,Literacy Week,Close,WhatsApp,Static,True,Grade 11,Male,False,37.86,38.87,1877,581.0,314.0,160.0,114.0,30.0,0.0,0.0,22.0,0.16728822589238146,0.309536494405967,0.5095541401273885,0.7125,0.2631578947368421,0.0,0.0,0.0,,,0.9740159506045795
2026-05-22,Sandton College,Sandton,Public,Stem Drive,Close,WhatsApp,Static,False,Grade 11,Male,False,0.0,0.0,387,59.0,44.0,31.0,19.0,6.0,0.0,0.0,4.0,0.11369509043927649,0.1524547803617571,0.7045454545454546,0.6129032258064516,0.3157894736842105,0.0,0.0,0.0,,,
2026-06-02,Rosebank Academy,Rosebank,Public,Literacy Week,Close,Facebook,Static,False,Grade 12,Male,False,0.0,0.0,1108,38.0,82.0,36.0,29.0,12.0,0.0,0.0,2.0,0.0740072202166065,0.03429602888086643,0.43902439024390244,0.8055555555555556,0.41379310344827586,0.0,0.0,0.0,,,
2026-05-13,Randburg High,Randburg,Public,Career Day,Mid,Instagram,Story,True,Grade 12,Male,True,168.69,164.51,2693,141.0,229.0,115.0,88.0,28.0,7.0,3.0,8.0,0.0850352766431489,0.052357965094689936,0.5021834061135371,0.7652173913043478,0.3181818181818182,0.25,0.0025993316004456,0.42857142857142855,24.09857142857143,56.23,1.0254087897392257
2026-05-05,Rosebank Academy,Rosebank,Public,Career Day,Mid,TikTok,Video,False,Grade 11,All,False,0.0,0.0,3984,1637.0,456.0,0.0,211.0,0.0,6.0,3.0,32.0,0.1144578313253012,0.41089357429718876,0.0,0.0,0.0,0.0,0.0015060240963855422,0.5,0.0,0.0,
2026-04-14,Midrand High,Midrand,Public,Stem Drive,Launch,Facebook,Static,True,Grade 11,All,False,1099.35,1010.2,20936,720.0,497.0,307.0,171.0,64.0,2.0,1.0,44.0,0.02373901413832633,0.03439052350019106,0.6177062374245473,0.5570032573289903,0.3742690058479532,0.03125,9.552923194497516e-05,0.5,549.675,1099.35,1.0882498515145513
2026-10-05,Brixton High,Johannesburg South,Public,Career Day,Mid,WhatsApp,Static,True,Grade 11,Male,False,6.49,6.5,292,40.0,33.0,13.0,10.0,3.0,0.0,0.0,1.0,0.11301369863013698,0.136986301369863,0.3939393939393939,0.7692307692307693,0.3,0.0,0.0,0.0,,,0.9984615384615385
2026-04-19,Randburg High,Randburg,Public,Stem Drive,Mid,TikTok,Video,False,Grade 12,Female,False,0.0,0.0,7745,1069.0,575.0,317.0,265.0,126.0,0.0,13.0,40.0,0.07424144609425436,0.1380245319561007,0.551304347826087,0.8359621451104101,0.47547169811320755,0.0,0.0,0.0,,0.0,
2026-04-15,Rosebank Academy,Rosebank,Public,Stem Drive,Mid,Instagram,Static,False,Both,All,False,0.0,0.0,571,79.0,48.0,26.0,15.0,5.0,0.0,0.0,1.0,0.0840630472854641,0.138353765323993,0.5416666666666666,0.5769230769230769,0.3333333333333333,0.0,0.0,0.0,,,
2026-05-06,Brixton High,Johannesburg South,Public,Career Day,Mid,TikTok,Video,True,Both,Female,True,85.31,98.95,3503,1175.0,271.0,160.0,96.0,24.0,6.0,4.0,8.0,0.0773622609192121,0.33542677704824436,0.5904059040590406,0.6,0.25,0.25,0.0017128175849272054,0.6666666666666666,14.218333333333334,21.3275,0.8621526023244063
2026-05-24,Brixton High,Johannesburg South,Public,Career Day,Close,TikTok,Video,True,Grade 11,Male,False,648.74,695.87,21105,8363.0,2615.0,1583.0,1276.0,431.0,26.0,12.0,178.0,0.12390428808339256,0.3962568111821843,0.6053537284894838,0.8060644346178143,0.3377742946708464,0.060324825986078884,0.0012319355602937693,0.46153846153846156,24.951538461538462,54.06166666666667,0.9322718323824852
2026-04-26,Sandton College,Sandton,Public,Literacy Week,Mid,Facebook,Static,True,Grade 12,Female,False,144.65,124.81,3402,96.0,109.0,76.0,50.0,17.0,4.0,2.0,10.0,0.03203997648442093,0.02821869488536155,0.6972477064220184,0.6578947368421053,0.34,0.23529411764705882,0.0011757789535567313,0.5,36.1625,72.325,1.1589616216649308
2026-04-23,Midrand High,Midrand,Public,Career Day,Mid,TikTok,Video,False,Grade 11,Female,False,0.0,0.0,1112,159.0,78.0,37.0,21.0,7.0,0.0,0.0,4.0,0.07014388489208633,0.14298561151079137,0.47435897435897434,0.5675675675675675,0.3333333333333333,0.0,0.0,0.0,,,
2026-04-28,Midrand High,Midrand,Public,Digital Skills Push,Mid,Instagram,Carousel,True,Grade 11,Female,False,87.8,92.67,2090,294.0,150.0,0.0,66.0,18.0,2.0,1.0,14.0,0.07177033492822966,0.14066985645933014,0.0,0.0,0.2727272727272727,0.1111111111111111,0.0009569377990430622,0.5,43.9,87.8,0.947447933527571
2026-05-03,Midrand High,Midrand,Public,Literacy Week,Mid,Facebook,Static,True,Grade 11,Male,False,178.48,189.38,4066,0.0,292.0,216.0,132.0,48.0,5.0,2.0,13.0,0.07181505164781112,0.0,0.7397260273972602,0.6111111111111112,0.36363636363636365,0.10416666666666667,0.0012297097884899164,0.4,35.696,89.24,0.9424437638610201
2026-04-12,Rosebank Academy,Rosebank,Public,Career Day,Launch,WhatsApp,Static,False,Grade 11,Female,False,0.0,0.0,398,90.0,87.0,36.0,30.0,15.0,0.0,0.0,3.0,0.2185929648241206,0.22613065326633167,0.41379310344827586,0.8333333333333334,0.5,0.0,0.0,0.0,,,
2026-04-27,Alexandra School,Alexandra,No-Fee Public,Digital Skills Push,Mid,WhatsApp,Video,False,Grade 11,Female,False,0.0,0.0,773,403.0,152.0,104.0,83.0,31.0,1.0,0.0,9.0,0.19663648124191463,0.5213454075032341,0.6842105263157895,0.7980769230769231,0.37349397590361444,0.03225806451612903,0.00129366106080207,0.0,0.0,,
2026-05-28,Midrand High,Midrand,Public,Digital Skills Push,Close,Instagram,Video,False,Grade 11,All,False,0.0,0.0,2542,422.0,181.0,77.0,58.0,27.0,2.0,1.0,10.0,0.07120377655389457,0.16601101494885917,0.425414364640884,0.7532467532467533,0.46551724137931033,0.07407407407407407,0.0007867820613690008,0.5,0.0,0.0,
2026-11-04,Sandton College,Sandton,Public,Career Day,Launch,Instagram,Video,True,Both,Female,False,82.77,0.0,1916,186.0,180.0,128.0,90.0,34.0,0.0,0.0,0.0,0.09394572025052192,0.09707724425887265,0.7111111111111111,0.703125,0.37777777777777777,0.0,0.0,0.0,,,
2026-04-06,Randburg High,Randburg,Public,Stem Drive,Launch,Instagram,Story,False,Both,Male,True,0.0,0.0,16806,1431.0,1452.0,898.0,745.0,274.0,31.0,14.0,54.0,0.08639771510174937,0.08514816137093895,0.6184573002754821,0.8296213808463252,0.36778523489932885,0.11313868613138686,0.0018445793169106271,0.45161290322580644,0.0,0.0,
2026-06-01,Brixton High,Johannesburg South,Public,Stem Drive,Close,Facebook,Static,True,Both,All,False,0.0,132.09,5000,293.0,306.0,227.0,170.0,45.0,2.0,1.0,21.0,0.0612,0.0586,0.7418300653594772,0.748898678414097,0.2647058823529412,0.044444444444444446,0.0004,0.5,0.0,0.0,0.0
2026-04-04,Midrand High,Midrand,Public,Stem Drive,Launch,Instagram,Static,False,Grade 12,All,True,0.0,0.0,394,14.0,39.0,0.0,16.0,7.0,0.0,0.0,1.0,0.09898477157360407,0.03553299492385787,0.0,0.0,0.4375,0.0,0.0,0.0,,,
2026-04-06,Sandton College,Sandton,Public,Stem Drive,Launch,Instagram,Carousel,True,Grade 11,Male,False,220.5,202.67,5523,658.0,466.0,235.0,0.0,91.0,4.0,2.0,23.0,0.08437443418432011,0.11913814955640051,0.5042918454935622,0.0,0.0,0.04395604395604396,0.0007242440702516748,0.5,55.125,110.25,1.0879755267183107
2026-08-05,Alexandra School,Alexandra,No-Fee Public,Stem Drive,Mid,TikTok,Video,True,Grade 12,Female,False,60.88,61.75,2600,432.0,158.0,63.0,44.0,20.0,2.0,1.0,9.0,0.06076923076923077,0.16615384615384615,0.3987341772151899,0.6984126984126984,0.45454545454545453,0.1,0.0007692307692307692,0.5,30.44,60.88,0.9859109311740891
2026-05-06,Soweto Academy,Soweto,No-Fee Public,Digital Skills Push,Mid,Facebook,Static,True,Grade 12,All,False,229.14,251.43,6393,112.0,383.0,173.0,126.0,67.0,5.0,2.0,18.0,0.059909275770373846,0.017519161582981387,0.4516971279373368,0.7283236994219653,0.5317460317460317,0.07462686567164178,0.000782105427811669,0.4,45.827999999999996,114.57,0.9113470946187805
2026-05-29,Alexandra School,Alexandra,No-Fee Public,Digital Skills Push,Close,Facebook,Static,True,Both,Male,False,79.87,75.41,1616,44.0,104.0,67.0,36.0,10.0,0.0,0.0,8.0,0.06435643564356436,0.027227722772277228,0.6442307692307693,0.5373134328358209,0.2777777777777778,0.0,0.0,0.0,,,1.0591433496883704
2026-05-24,Randburg High,Randburg,Public,Stem Drive,Close,Facebook,Story,False,Grade 12,All,True,0.0,0.0,1221,31.0,33.0,13.0,7.0,2.0,0.0,0.0,0.0,0.02702702702702703,0.025389025389025387,0.3939393939393939,0.5384615384615384,0.2857142857142857,0.0,0.0,0.0,,,
2026-06-07,Rosebank Academy,Rosebank,Public,Literacy Week,Close,Facebook,Story,True,Both,Female,True,125.46,111.04,3594,186.0,0.0,145.0,118.0,34.0,5.0,3.0,11.0,0.0,0.05175292153589316,0.0,0.8137931034482758,0.288135593220339,0.14705882352941177,0.0013912075681691708,0.6,25.092,41.82,1.1298631123919307
2026-10-04,Rosebank Academy,Rosebank,Public,Literacy Week,Launch,WhatsApp,Static,False,Both,All,False,0.0,0.0,1219,262.0,322.0,207.0,120.0,43.0,4.0,2.0,28.0,0.2641509433962264,0.21493027071369974,0.6428571428571429,0.5797101449275363,0.35833333333333334,0.09302325581395349,0.003281378178835111,0.5,0.0,0.0,
2026-05-12,Rosebank Academy,Rosebank,Public,Career Day,Mid,Instagram,Static,False,Grade 11,Female,False,0.0,0.0,828,70.0,91.0,40.0,23.0,9.0,1.0,0.0,4.0,0.10990338164251208,0.08454106280193237,0.43956043956043955,0.575,0.391304347826087,0.1111111111111111,0.0012077294685990338,0.0,0.0,,
2026-04-06,Brixton High,Johannesburg South,Public,Literacy Week,Launch,Instagram,Carousel,False,Both,Male,True,0.0,0.0,1806,376.0,147.0,58.0,32.0,13.0,2.0,1.0,4.0,0.08139534883720931,0.2081949058693245,0.3945578231292517,0.5517241379310345,0.40625,0.15384615384615385,0.0011074197120708748,0.5,0.0,0.0,
2026-05-10,Rosebank Academy,Rosebank,Public,Career Day,Mid,Facebook,Story,False,Grade 11,Female,False,0.0,0.0,916,50.0,57.0,30.0,0.0,8.0,1.0,0.0,3.0,0.06222707423580786,0.05458515283842795,0.5263157894736842,0.0,0.0,0.125,0.001091703056768559,0.0,0.0,,
2026-04-30,Midrand High,Midrand,Public,Digital Skills Push,Mid,Instagram,Video,False,Both,Male,False,0.0,0.0,1355,306.0,146.0,61.0,50.0,17.0,2.0,1.0,5.0,0.1077490774907749,0.22583025830258302,0.4178082191780822,0.819672131147541,0.34,0.11764705882352941,0.0014760147601476014,0.5,0.0,0.0,
2026-05-28,Brixton High,Johannesburg South,Public,Career Day,Close,Facebook,Video,False,Grade 11,Male,False,0.0,0.0,5499,526.0,243.0,100.0,62.0,24.0,2.0,0.0,11.0,0.044189852700491,0.09565375522822331,0.411522633744856,0.62,0.3870967741935484,0.08333333333333333,0.0003637024913620658,0.0,0.0,,
2026-05-10,Alexandra School,Alexandra,No-Fee Public,Digital Skills Push,Mid,Facebook,Video,True,Both,Male,False,136.55,122.05,4022,258.0,252.0,176.0,125.0,46.0,4.0,2.0,23.0,0.0626553953257086,0.06414719045251119,0.6984126984126984,0.7102272727272727,0.368,0.08695652173913043,0.000994530084535057,0.5,34.1375,68.275,1.1188037689471528
2026-04-13,Randburg High,Randburg,Public,Literacy Week,Launch,Instagram,Carousel,True,Both,Male,False,65.58,58.61,1747,171.0,204.0,93.0,78.0,34.0,2.0,0.0,13.0,0.11677160847166572,0.09788208357183743,0.45588235294117646,0.8387096774193549,0.4358974358974359,0.058823529411764705,0.0011448196908986834,0.0,32.79,,1.1189216857191606
2026-08-05,Soweto Academy,Soweto,No-Fee Public,Stem Drive,Mid,TikTok,Video,True,Grade 12,Female,False,390.52,384.12,14807,5790.0,1243.0,533.0,333.0,125.0,17.0,0.0,30.0,0.08394678192746674,0.39103126899439455,0.42880128720836685,0.624765478424015,0.37537537537537535,0.136,0.001148105625717566,0.0,22.97176470588235,,1.016661459960429
2026-01-05,Brixton High,Johannesburg South,Public,Literacy Week,Mid,Instagram,Static,True,Grade 12,Male,True,2307.66,2079.7,39554,4801.0,2160.0,938.0,791.0,250.0,93.0,59.0,58.0,0.054608889113616825,0.12137836881225667,0.43425925925925923,0.8432835820895522,0.31605562579013907,0.372,0.002351216059058502,0.6344086021505376,24.813548387096773,39.1128813559322,1.1096119632639323
2026-04-29,Rosebank Academy,Rosebank,Public,Digital Skills Push,Mid,WhatsApp,Carousel,False,Both,All,False,0.0,0.0,1370,356.0,451.0,281.0,185.0,89.0,15.0,7.0,26.0,0.3291970802919708,0.25985401459854013,0.623059866962306,0.6583629893238434,0.4810810810810811,0.16853932584269662,0.010948905109489052,0.4666666666666667,0.0,0.0,
2026-07-04,Brixton High,Johannesburg South,Public,Stem Drive,Launch,Instagram,Video,False,Both,Female,False,0.0,0.0,621,92.0,47.0,30.0,20.0,8.0,1.0,0.0,3.0,0.07568438003220612,0.14814814814814814,0.6382978723404256,0.6666666666666666,0.4,0.125,0.001610305958132045,0.0,0.0,,
2026-04-24,Alexandra School,Alexandra,No-Fee Public,Digital Skills Push,Mid,TikTok,Static,True,Both,Male,True,95.29,82.69,3305,473.0,194.0,143.0,93.0,42.0,0.0,3.0,19.0,0.05869894099848714,0.14311649016641453,0.7371134020618557,0.6503496503496503,0.45161290322580644,0.0,0.0,0.0,,31.763333333333335,1.152376345386383
2026-04-05,Midrand High,Midrand,Public,Career Day,Launch,Facebook,Static,True,Grade 12,Female,False,300.13,256.04,8098,324.0,257.0,150.0,122.0,45.0,7.0,2.0,19.0,0.031736231168189674,0.0400098789824648,0.5836575875486382,0.8133333333333334,0.36885245901639346,0.15555555555555556,0.000864410965670536,0.2857142857142857,42.87571428571429,150.065,1.1721996563037025
2026-04-13,Randburg High,Randburg,Public,Stem Drive,Launch,Instagram,Video,False,Grade 12,Female,False,0.0,0.0,1290,207.0,115.0,56.0,0.0,15.0,0.0,1.0,4.0,0.08914728682170543,0.16046511627906976,0.48695652173913045,0.0,0.0,0.0,0.0,0.0,,0.0,
2026-05-01,Alexandra School,Alexandra,No-Fee Public,Career Day,Mid,WhatsApp,Carousel,True,Grade 11,Female,True,26.67,29.83,1779,781.0,0.0,301.0,239.0,73.0,8.0,5.0,0.0,0.0,0.4390106801573918,0.0,0.7940199335548173,0.3054393305439331,0.1095890410958904,0.004496908375491849,0.625,3.33375,5.3340000000000005,0.8940663761314115
2026-05-04,Midrand High,Midrand,Public,Literacy Week,Launch,TikTok,Video,True,Grade 11,All,True,377.67,445.67,12983,4329.0,872.0,621.0,375.0,93.0,10.0,4.0,48.0,0.06716475390895787,0.33343603173380576,0.7121559633027523,0.6038647342995169,0.248,0.10752688172043011,0.0007702380035430948,0.4,37.767,94.4175,0.8474207373168487
2026-04-25,Alexandra School,Alexandra,No-Fee Public,Literacy Week,Mid,TikTok,Video,False,Grade 12,Male,True,0.0,0.0,1313,388.0,184.0,115.0,69.0,31.0,6.0,2.0,12.0,0.14013709063214014,0.2955064737242955,0.625,0.6,0.4492753623188406,0.1935483870967742,0.00456968773800457,0.3333333333333333,0.0,0.0,
2026-04-08,Midrand High,Midrand,Public,Career Day,Launch,WhatsApp,Static,True,Both,Male,False,24.78,29.35,1569,207.0,538.0,251.0,199.0,79.0,7.0,3.0,14.0,0.34289356277884003,0.13193116634799235,0.46654275092936803,0.7928286852589641,0.3969849246231156,0.08860759493670886,0.004461440407903123,0.42857142857142855,3.54,8.26,0.8442930153321976
2026-05-27,Soweto Academy,Soweto,No-Fee Public,Stem Drive,Close,Facebook,Static,True,Grade 11,Male,True,8.48,9.83,288,19.0,10.0,6.0,4.0,0.0,0.0,0.0,0.0,0.034722222222222224,0.06597222222222222,0.6,0.6666666666666666,0.0,0.0,0.0,0.0,,,0.8626653102746694
2026-05-27,Soweto Academy,Soweto,No-Fee Public,Career Day,Close,Instagram,Static,False,Both,Female,False,0.0,0.0,970,55.0,52.0,31.0,24.0,0.0,0.0,0.0,3.0,0.05360824742268041,0.05670103092783505,0.5961538461538461,0.7741935483870968,0.0,0.0,0.0,0.0,,,
2026-04-04,Alexandra School,Alexandra,No-Fee Public,Stem Drive,Launch,Instagram,Carousel,False,Grade 12,All,True,0.0,0.0,1944,357.0,163.0,86.0,47.0,23.0,2.0,1.0,4.0,0.08384773662551441,0.18364197530864199,0.5276073619631901,0.5465116279069767,0.48936170212765956,0.08695652173913043,0.00102880658436214,0.5,0.0,0.0,
2026-04-19,Randburg High,Randburg,Public,Stem Drive,Mid,Facebook,Video,False,Grade 11,All,False,0.0,0.0,493,20.0,18.0,10.0,8.0,2.0,0.0,0.0,0.0,0.036511156186612576,0.04056795131845842,0.5555555555555556,0.8,0.25,0.0,0.0,0.0,,,
2026-07-05,Soweto Academy,Soweto,No-Fee Public,Career Day,Mid,Instagram,Video,False,Both,Female,False,0.0,0.0,10605,1307.0,1098.0,573.0,333.0,174.0,18.0,12.0,75.0,0.10353606789250354,0.12324375294672324,0.5218579234972678,0.581151832460733,0.5225225225225225,0.10344827586206896,0.0016973125884016972,0.6666666666666666,0.0,0.0,
2026-04-17,Sandton College,Sandton,Public,Stem Drive,Mid,WhatsApp,Static,False,Grade 12,All,False,0.0,0.0,244,75.0,80.0,42.0,30.0,12.0,2.0,1.0,3.0,0.32786885245901637,0.3073770491803279,0.525,0.7142857142857143,0.4,0.16666666666666666,0.00819672131147541,0.5,0.0,0.0,
2026-05-11,Soweto Academy,Soweto,No-Fee Public,Stem Drive,Mid,Facebook,Static,True,Both,Female,False,40.06,0.0,1375,76.0,58.0,23.0,19.0,6.0,0.0,0.0,1.0,0.04218181818181818,0.05527272727272727,0.39655172413793105,0.8260869565217391,0.3157894736842105,0.0,0.0,0.0,,,
2026-06-07,Rosebank Academy,Rosebank,Public,Literacy Week,Close,WhatsApp,Static,True,Grade 12,Male,False,26.12,26.8,1044,127.0,321.0,204.0,165.0,68.0,13.0,8.0,20.0,0.3074712643678161,0.12164750957854406,0.6355140186915887,0.8088235294117647,0.4121212121212121,0.19117647058823528,0.012452107279693486,0.6153846153846154,2.0092307692307694,3.265,0.9746268656716418
2026-05-14,Randburg High,Randburg,Public,Digital Skills Push,Mid,WhatsApp,Static,True,Grade 12,Male,False,52.42,46.47,3404,655.0,0.0,518.0,322.0,0.0,11.0,5.0,26.0,0.0,0.19242068155111633,0.0,0.6216216216216216,0.0,0.0,0.0032314923619271444,0.45454545454545453,4.765454545454546,10.484,1.128039595437917
2026-04-20,Randburg High,Randburg,Public,Literacy Week,Mid,WhatsApp,Static,True,Grade 12,All,True,8.65,10.07,520,114.0,117.0,78.0,43.0,21.0,5.0,3.0,4.0,0.225,0.21923076923076923,0.6666666666666666,0.5512820512820513,0.4883720930232558,0.23809523809523808,0.009615384615384616,0.6,1.73,2.8833333333333333,0.858987090367428
2026-05-20,Alexandra School,Alexandra,No-Fee Public,Literacy Week,Close,WhatsApp,Static,False,Grade 12,All,True,0.0,0.0,1501,296.0,228.0,139.0,79.0,23.0,3.0,1.0,18.0,0.1518987341772152,0.1972018654230513,0.6096491228070176,0.5683453237410072,0.2911392405063291,0.13043478260869565,0.001998667554963358,0.3333333333333333,0.0,0.0,
2026-05-13,Midrand High,Midrand,Public,Literacy Week,Mid,WhatsApp,Video,True,Grade 11,All,False,20.85,22.24,1147,550.0,241.0,139.0,102.0,35.0,2.0,1.0,13.0,0.2101133391455972,0.47951176983435045,0.5767634854771784,0.7338129496402878,0.3431372549019608,0.05714285714285714,0.0017436791630340018,0.5,10.425,20.85,0.9375000000000001
2026-04-16,Rosebank Academy,Rosebank,Public,Career Day,Mid,Facebook,Static,True,Grade 12,Male,False,77.38,86.58,1469,39.0,58.0,29.0,24.0,9.0,2.0,1.0,0.0,0.039482641252552755,0.02654867256637168,0.5,0.8275862068965517,0.375,0.2222222222222222,0.0013614703880190605,0.5,38.69,77.38,0.8937398937398937
2026-04-21,Randburg High,Randburg,Public,Digital Skills Push,Mid,Facebook,Video,True,Grade 11,Male,True,176.33,175.78,4575,240.0,336.0,156.0,88.0,45.0,6.0,4.0,12.0,0.07344262295081967,0.05245901639344262,0.4642857142857143,0.5641025641025641,0.5113636363636364,0.13333333333333333,0.0013114754098360656,0.6666666666666666,29.388333333333335,44.0825,1.0031289111389237
2026-05-15,Alexandra School,Alexandra,No-Fee Public,Stem Drive,Mid,Facebook,Static,False,Both,All,False,0.0,0.0,1570,107.0,78.0,39.0,30.0,13.0,0.0,0.0,5.0,0.049681528662420385,0.06815286624203822,0.5,0.7692307692307693,0.43333333333333335,0.0,0.0,0.0,,,
2026-04-10,Brixton High,Johannesburg South,Public,Literacy Week,Launch,Facebook,Story,False,Both,Male,False,0.0,0.0,828,36.0,43.0,25.0,19.0,5.0,0.0,0.0,1.0,0.051932367149758456,0.043478260869565216,0.5813953488372093,0.76,0.2631578947368421,0.0,0.0,0.0,,,
2026-05-10,Alexandra School,Alexandra,No-Fee Public,Digital Skills Push,Mid,Instagram,Static,False,Both,Male,False,0.0,0.0,2598,330.0,127.0,85.0,60.0,17.0,2.0,1.0,7.0,0.04888375673595073,0.12702078521939955,0.6692913385826772,0.7058823529411765,0.2833333333333333,0.11764705882352941,0.0007698229407236335,0.5,0.0,0.0,
2026-04-11,Midrand High,Midrand,Public,Career Day,Launch,Instagram,Static,False,Both,All,False,0.0,0.0,1725,101.0,202.0,94.0,69.0,34.0,3.0,1.0,5.0,0.11710144927536231,0.058550724637681156,0.46534653465346537,0.7340425531914894,0.4927536231884058,0.08823529411764706,0.0017391304347826088,0.3333333333333333,0.0,0.0,
2026-04-04,Soweto Academy,Soweto,No-Fee Public,Stem Drive,Launch,Instagram,Carousel,True,Both,All,False,346.53,363.9,5400,282.0,518.0,385.0,285.0,137.0,5.0,2.0,27.0,0.09592592592592593,0.052222222222222225,0.7432432432432432,0.7402597402597403,0.4807017543859649,0.0364963503649635,0.000925925925925926,0.4,69.306,173.265,0.9522671063478978
2026-03-04,Soweto Academy,Soweto,No-Fee Public,Literacy Week,Launch,TikTok,Video,True,Grade 12,Male,False,234.56,278.12,10740,0.0,1241.0,659.0,424.0,221.0,19.0,8.0,33.0,0.11554934823091248,0.0,0.5310233682514102,0.6433990895295902,0.5212264150943396,0.08597285067873303,0.0017690875232774675,0.42105263157894735,12.345263157894736,29.32,0.8433769595857903
2026-05-24,Sandton College,Sandton,Public,Literacy Week,Close,Instagram,Video,True,Grade 11,Male,False,676.54,622.24,15657,1241.0,1467.0,921.0,635.0,312.0,26.0,17.0,130.0,0.09369611036597049,0.07926167209554831,0.6278118609406953,0.6894679695982627,0.49133858267716535,0.08333333333333333,0.0016605990930574183,0.6538461538461539,26.02076923076923,39.796470588235294,1.087265363846747
2026-04-20,Soweto Academy,Soweto,No-Fee Public,Literacy Week,Mid,Instagram,Carousel,True,Both,Female,False,47.14,40.63,1178,157.0,97.0,48.0,38.0,0.0,2.0,1.0,2.0,0.08234295415959253,0.133276740237691,0.4948453608247423,0.7916666666666666,0.0,0.0,0.001697792869269949,0.5,23.57,47.14,1.1602264336697021
2026-04-30,Sandton College,Sandton,Public,Career Day,Mid,WhatsApp,Carousel,False,Grade 11,Male,False,0.0,0.0,2960,1128.0,720.0,450.0,339.0,129.0,20.0,9.0,24.0,0.24324324324324326,0.3810810810810811,0.625,0.7533333333333333,0.3805309734513274,0.15503875968992248,0.006756756756756757,0.45,0.0,0.0,
2026-04-08,Soweto Academy,Soweto,No-Fee Public,Stem Drive,Launch,WhatsApp,Static,True,Both,Male,True,10.19,10.14,383,69.0,68.0,35.0,20.0,9.0,0.0,0.0,2.0,0.17754569190600522,0.1801566579634465,0.5147058823529411,0.5714285714285714,0.45,0.0,0.0,0.0,,,1.004930966469428
2026-06-13,Rosebank Academy,Rosebank,Public,Literacy Week,Close,Instagram,Story,True,Grade 12,Male,False,141.55,150.67,3154,484.0,171.0,78.0,46.0,17.0,1.0,0.0,9.0,0.05421686746987952,0.1534559289790742,0.45614035087719296,0.5897435897435898,0.3695652173913043,0.058823529411764705,0.0003170577045022194,0.0,141.55,,0.9394703656998741
2026-12-05,Randburg High,Randburg,Public,Stem Drive,Mid,TikTok,Video,True,Grade 12,Male,False,394.51,402.67,13316,2957.0,1724.0,1149.0,809.0,278.0,76.0,46.0,132.0,0.12946830880144186,0.22206368278762392,0.6664733178654292,0.7040905134899913,0.34363411619283063,0.2733812949640288,0.005707419645539201,0.6052631578947368,5.1909210526315785,8.576304347826087,0.9797352670921597
2026-05-17,Sandton College,Sandton,Public,Digital Skills Push,Close,Instagram,Video,True,Grade 12,Male,False,283.97,253.13,6233,1094.0,385.0,182.0,121.0,0.0,5.0,2.0,15.0,0.06176800898443767,0.17551740734798651,0.4727272727272727,0.6648351648351648,0.0,0.0,0.0008021819348628269,0.4,56.794000000000004,141.985,1.1218346304270534
2026-01-04,Brixton High,Johannesburg South,Public,Literacy Week,Launch,TikTok,Video,False,Grade 11,All,False,0.0,0.0,1835,673.0,213.0,122.0,73.0,22.0,1.0,0.0,0.0,0.11607629427792915,0.3667574931880109,0.5727699530516432,0.5983606557377049,0.3013698630136986,0.045454545454545456,0.0005449591280653951,0.0,0.0,,
2026-04-09,Midrand High,Midrand,Public,Digital Skills Push,Launch,Facebook,Story,False,Grade 11,Male,False,0.0,0.0,1133,68.0,55.0,26.0,15.0,7.0,0.0,0.0,3.0,0.04854368932038835,0.06001765225066196,0.4727272727272727,0.5769230769230769,0.4666666666666667,0.0,0.0,0.0,,,
2026-04-18,Soweto Academy,Soweto,No-Fee Public,Digital Skills Push,Mid,Instagram,Carousel,True,Both,Male,True,166.66,162.5,2571,136.0,210.0,135.0,91.0,28.0,0.0,1.0,11.0,0.08168028004667445,0.052897705173084404,0.6428571428571429,0.674074074074074,0.3076923076923077,0.0,0.0,0.0,,166.66,1.0256
2026-05-22,Alexandra School,Alexandra,No-Fee Public,Career Day,Close,WhatsApp,Static,True,Grade 12,Female,True,0.0,14.99,1064,239.0,0.0,108.0,64.0,25.0,1.0,0.0,10.0,0.0,0.22462406015037595,0.0,0.5925925925925926,0.390625,0.04,0.0009398496240601503,0.0,0.0,,0.0
2026-06-13,Brixton High,Johannesburg South,Public,Literacy Week,Close,TikTok,Video,True,Both,Male,True,589.67,641.25,22491,5305.0,1887.0,1351.0,1104.0,580.0,96.0,43.0,126.0,0.08390022675736962,0.23587212662842916,0.71595124536301,0.8171724648408586,0.5253623188405797,0.16551724137931034,0.004268374016273176,0.4479166666666667,6.142395833333333,13.713255813953488,0.9195633528265107
2026-04-05,Sandton College,Sandton,Public,Digital Skills Push,Mid,Facebook,Static,True,Grade 12,Female,False,170.07,0.0,4379,76.0,289.0,124.0,0.0,0.0,9.0,5.0,10.0,0.06599680292304179,0.017355560630280886,0.4290657439446367,0.0,0.0,0.0,0.0020552637588490525,0.5555555555555556,18.896666666666665,34.013999999999996,
2026-08-05,Brixton High,Johannesburg South,Public,Literacy Week,Mid,WhatsApp,Static,False,Grade 11,All,False,0.0,0.0,409,91.0,98.0,72.0,42.0,0.0,2.0,0.0,8.0,0.2396088019559902,0.22249388753056235,0.7346938775510204,0.5833333333333334,0.0,0.0,0.004889975550122249,0.0,0.0,,
2026-05-31,Soweto Academy,Soweto,No-Fee Public,Digital Skills Push,Close,WhatsApp,Static,False,Both,Female,False,0.0,0.0,1248,257.0,323.0,150.0,119.0,53.0,0.0,1.0,15.0,0.2588141025641026,0.20592948717948717,0.46439628482972134,0.7933333333333333,0.44537815126050423,0.0,0.0,0.0,,0.0,
2026-04-17,Brixton High,Johannesburg South,Public,Literacy Week,Mid,Instagram,Story,True,Both,Female,False,388.03,428.03,7913,623.0,936.0,491.0,396.0,158.0,20.0,12.0,43.0,0.11828636421079236,0.07873120181979022,0.5245726495726496,0.8065173116089613,0.398989898989899,0.12658227848101267,0.002527486414760521,0.6,19.4015,32.33583333333333,0.906548606406093
2026-04-12,Alexandra School,Alexandra,No-Fee Public,Stem Drive,Launch,Facebook,Carousel,False,Both,Female,False,0.0,0.0,2566,219.0,86.0,54.0,37.0,16.0,0.0,0.0,6.0,0.03351519875292284,0.08534684333593141,0.627906976744186,0.6851851851851852,0.43243243243243246,0.0,0.0,0.0,,,
